Time,Glucose,Hour,Minute,Glucose_Level_Range,Hour_sin,Hour_cos,Minute_sin,Minute_cos,Glucose_roll_mean,Glucose_lag1,Glucose_lag2,Glucose_lag3,Glucose_lag4,Glucose_15min,Glucose_30min,Glucose_45min,Glucose_60min
1900-01-01 19:26:00,13.0,19,26,Very High,-0.9659258262890684,0.2588190451025203,0.4067366430758,-0.913545457642601,11.68,11.0,10.1,11.4,12.9,13.5,13.9,13.6,13.2
1900-01-01 19:41:00,13.5,19,41,Very High,-0.9659258262890684,0.2588190451025203,-0.9135454576426004,-0.4067366430758009,11.8,13.0,11.0,10.1,11.4,13.9,13.6,13.2,13.0
1900-01-01 19:56:00,13.9,19,56,Very High,-0.9659258262890684,0.2588190451025203,-0.4067366430758001,0.913545457642601,12.3,13.5,13.0,11.0,10.1,13.6,13.2,13.0,12.8
1900-01-01 20:11:00,13.6,20,11,Very High,-0.8660254037844386,0.5000000000000001,0.9135454576426008,0.4067366430758004,13.0,13.9,13.5,13.0,11.0,13.2,13.0,12.8,12.7
1900-01-01 20:26:00,13.2,20,26,Very High,-0.8660254037844386,0.5000000000000001,0.4067366430758,-0.913545457642601,13.44,13.6,13.9,13.5,13.0,13.0,12.8,12.7,12.8
1900-01-01 20:41:00,13.0,20,41,Very High,-0.8660254037844386,0.5000000000000001,-0.9135454576426004,-0.4067366430758009,13.44,13.2,13.6,13.9,13.5,12.8,12.7,12.8,12.3
1900-01-01 20:56:00,12.8,20,56,Very High,-0.8660254037844386,0.5000000000000001,-0.4067366430758001,0.913545457642601,13.3,13.0,13.2,13.6,13.9,12.7,12.8,12.3,11.6
1900-01-01 21:11:00,12.7,21,11,Very High,-0.7071067811865477,0.7071067811865474,0.9135454576426008,0.4067366430758004,13.06,12.8,13.0,13.2,13.6,12.8,12.3,11.6,11.3
1900-01-01 21:26:00,12.8,21,26,Very High,-0.7071067811865477,0.7071067811865474,0.4067366430758,-0.913545457642601,12.9,12.7,12.8,13.0,13.2,12.3,11.6,11.3,10.8
1900-01-01 21:41:00,12.3,21,41,Very High,-0.7071067811865477,0.7071067811865474,-0.9135454576426004,-0.4067366430758009,12.72,12.8,12.7,12.8,13.0,11.6,11.3,10.8,10.1
1900-01-01 21:56:00,11.6,21,56,Very High,-0.7071067811865477,0.7071067811865474,-0.4067366430758001,0.913545457642601,12.44,12.3,12.8,12.7,12.8,11.3,10.8,10.1,9.3
1900-01-01 22:11:00,11.3,22,11,Very High,-0.5000000000000004,0.8660254037844384,0.9135454576426008,0.4067366430758004,12.14,11.6,12.3,12.8,12.7,10.8,10.1,9.3,8.8
1900-01-01 22:26:00,10.8,22,26,Very High,-0.5000000000000004,0.8660254037844384,0.4067366430758,-0.913545457642601,11.76,11.3,11.6,12.3,12.8,10.1,9.3,8.8,8.4
1900-01-01 22:41:00,10.1,22,41,Very High,-0.5000000000000004,0.8660254037844384,-0.9135454576426004,-0.4067366430758009,11.22,10.8,11.3,11.6,12.3,9.3,8.8,8.4,7.9
1900-01-01 22:56:00,9.3,22,56,High,-0.5000000000000004,0.8660254037844384,-0.4067366430758001,0.913545457642601,10.62,10.1,10.8,11.3,11.6,8.8,8.4,7.9,7.3
1900-01-01 23:11:00,8.8,23,11,High,-0.2588190451025215,0.965925826289068,0.9135454576426008,0.4067366430758004,10.06,9.3,10.1,10.8,11.3,8.4,7.9,7.3,6.9
1900-01-01 23:26:00,8.4,23,26,High,-0.2588190451025215,0.965925826289068,0.4067366430758,-0.913545457642601,9.48,8.8,9.3,10.1,10.8,7.9,7.3,6.9,6.6
1900-01-01 23:41:00,7.9,23,41,Normal,-0.2588190451025215,0.965925826289068,-0.9135454576426004,-0.4067366430758009,8.900000000000002,8.4,8.8,9.3,10.1,7.3,6.9,6.6,6.2
1900-01-01 23:56:00,7.3,23,56,Normal,-0.2588190451025215,0.965925826289068,-0.4067366430758001,0.913545457642601,8.34,7.9,8.4,8.8,9.3,6.9,6.6,6.2,5.7
1900-01-01 00:11:00,6.9,0,11,Normal,0.0,1.0,0.9135454576426008,0.4067366430758004,7.859999999999999,7.3,7.9,8.4,8.8,6.6,6.2,5.7,5.4
1900-01-01 00:26:00,6.6,0,26,Normal,0.0,1.0,0.4067366430758,-0.913545457642601,7.42,6.9,7.3,7.9,8.4,6.2,5.7,5.4,5.2
1900-01-01 00:41:00,6.2,0,41,Normal,0.0,1.0,-0.9135454576426004,-0.4067366430758009,6.98,6.6,6.9,7.3,7.9,5.7,5.4,5.2,5.0
1900-01-01 00:56:00,5.7,0,56,Normal,0.0,1.0,-0.4067366430758001,0.913545457642601,6.540000000000001,6.2,6.6,6.9,7.3,5.4,5.2,5.0,4.9
1900-01-01 01:11:00,5.4,1,11,Normal,0.2588190451025207,0.9659258262890684,0.9135454576426008,0.4067366430758004,6.16,5.7,6.2,6.6,6.9,5.2,5.0,4.9,4.9
1900-01-01 01:26:00,5.2,1,26,Normal,0.2588190451025207,0.9659258262890684,0.4067366430758,-0.913545457642601,5.82,5.4,5.7,6.2,6.6,5.0,4.9,4.9,5.0
1900-01-01 01:41:00,5.0,1,41,Low,0.2588190451025207,0.9659258262890684,-0.9135454576426004,-0.4067366430758009,5.5,5.2,5.4,5.7,6.2,4.9,4.9,5.0,4.9
1900-01-01 01:56:00,4.9,1,56,Low,0.2588190451025207,0.9659258262890684,-0.4067366430758001,0.913545457642601,5.24,5.0,5.2,5.4,5.7,4.9,5.0,4.9,4.9
1900-01-01 02:11:00,4.9,2,11,Low,0.4999999999999999,0.8660254037844387,0.9135454576426008,0.4067366430758004,5.08,4.9,5.0,5.2,5.4,5.0,4.9,4.9,5.0
1900-01-01 02:26:00,5.0,2,26,Low,0.4999999999999999,0.8660254037844387,0.4067366430758,-0.913545457642601,5.0,4.9,4.9,5.0,5.2,4.9,4.9,5.0,5.2
1900-01-01 02:41:00,4.9,2,41,Low,0.4999999999999999,0.8660254037844387,-0.9135454576426004,-0.4067366430758009,4.94,5.0,4.9,4.9,5.0,4.9,5.0,5.2,5.3
1900-01-01 02:56:00,4.9,2,56,Low,0.4999999999999999,0.8660254037844387,-0.4067366430758001,0.913545457642601,4.92,4.9,5.0,4.9,4.9,5.0,5.2,5.3,5.4
1900-01-01 03:11:00,5.0,3,11,Low,0.7071067811865475,0.7071067811865476,0.9135454576426008,0.4067366430758004,4.94,4.9,4.9,5.0,4.9,5.2,5.3,5.4,5.4
1900-01-01 03:26:00,5.2,3,26,Normal,0.7071067811865475,0.7071067811865476,0.4067366430758,-0.913545457642601,5.000000000000001,5.0,4.9,4.9,5.0,5.3,5.4,5.4,5.2
1900-01-01 03:41:00,5.3,3,41,Normal,0.7071067811865475,0.7071067811865476,-0.9135454576426004,-0.4067366430758009,5.06,5.2,5.0,4.9,4.9,5.4,5.4,5.2,5.1
1900-01-01 03:56:00,5.4,3,56,Normal,0.7071067811865475,0.7071067811865476,-0.4067366430758001,0.913545457642601,5.16,5.3,5.2,5.0,4.9,5.4,5.2,5.1,5.5
1900-01-01 04:11:00,5.4,4,11,Normal,0.8660254037844386,0.5000000000000001,0.9135454576426008,0.4067366430758004,5.26,5.4,5.3,5.2,5.0,5.2,5.1,5.5,5.7
1900-01-01 04:26:00,5.2,4,26,Normal,0.8660254037844386,0.5000000000000001,0.4067366430758,-0.913545457642601,5.3,5.4,5.4,5.3,5.2,5.1,5.5,5.7,5.8
1900-01-01 04:41:00,5.1,4,41,Normal,0.8660254037844386,0.5000000000000001,-0.9135454576426004,-0.4067366430758009,5.279999999999999,5.2,5.4,5.4,5.3,5.5,5.7,5.8,5.9
1900-01-01 04:56:00,5.5,4,56,Normal,0.8660254037844386,0.5000000000000001,-0.4067366430758001,0.913545457642601,5.32,5.1,5.2,5.4,5.4,5.7,5.8,5.9,5.9
1900-01-01 05:11:00,5.7,5,11,Normal,0.9659258262890684,0.2588190451025207,0.9135454576426008,0.4067366430758004,5.38,5.5,5.1,5.2,5.4,5.8,5.9,5.9,6.1
1900-01-01 05:26:00,5.8,5,26,Normal,0.9659258262890684,0.2588190451025207,0.4067366430758,-0.913545457642601,5.46,5.7,5.5,5.1,5.2,5.9,5.9,6.1,5.9
1900-01-01 05:41:00,5.9,5,41,Normal,0.9659258262890684,0.2588190451025207,-0.9135454576426004,-0.4067366430758009,5.6,5.8,5.7,5.5,5.1,5.9,6.1,5.9,5.8
1900-01-01 05:56:00,5.9,5,56,Normal,0.9659258262890684,0.2588190451025207,-0.4067366430758001,0.913545457642601,5.76,5.9,5.8,5.7,5.5,6.1,5.9,5.8,5.8
1900-01-01 06:11:00,6.1,6,11,Normal,1.0,6.123233995736766e-17,0.9135454576426008,0.4067366430758004,5.880000000000001,5.9,5.9,5.8,5.7,5.9,5.8,5.8,5.9
1900-01-01 06:26:00,5.9,6,26,Normal,1.0,6.123233995736766e-17,0.4067366430758,-0.913545457642601,5.92,6.1,5.9,5.9,5.8,5.8,5.8,5.9,6.7
1900-01-01 06:41:00,5.8,6,41,Normal,1.0,6.123233995736766e-17,-0.9135454576426004,-0.4067366430758009,5.92,5.9,6.1,5.9,5.9,5.8,5.9,6.7,9.1
1900-01-01 06:56:00,5.8,6,56,Normal,1.0,6.123233995736766e-17,-0.4067366430758001,0.913545457642601,5.9,5.8,5.9,6.1,5.9,5.9,6.7,9.1,11.3
1900-01-01 07:11:00,5.9,7,11,Normal,0.9659258262890684,-0.2588190451025206,0.9135454576426008,0.4067366430758004,5.9,5.8,5.8,5.9,6.1,6.7,9.1,11.3,10.6
1900-01-01 07:26:00,6.7,7,26,Normal,0.9659258262890684,-0.2588190451025206,0.4067366430758,-0.913545457642601,6.0200000000000005,5.9,5.8,5.8,5.9,9.1,11.3,10.6,8.6
1900-01-01 07:41:00,9.1,7,41,High,0.9659258262890684,-0.2588190451025206,-0.9135454576426004,-0.4067366430758009,6.659999999999999,6.7,5.9,5.8,5.8,11.3,10.6,8.6,7.4
1900-01-01 07:56:00,11.3,7,56,Very High,0.9659258262890684,-0.2588190451025206,-0.4067366430758001,0.913545457642601,7.76,9.1,6.7,5.9,5.8,10.6,8.6,7.4,8.2
1900-01-01 08:11:00,10.6,8,11,Very High,0.8660254037844387,-0.4999999999999998,0.9135454576426008,0.4067366430758004,8.72,11.3,9.1,6.7,5.9,8.6,7.4,8.2,9.9
1900-01-01 08:26:00,8.6,8,26,High,0.8660254037844387,-0.4999999999999998,0.4067366430758,-0.913545457642601,9.26,10.6,11.3,9.1,6.7,7.4,8.2,9.9,11.4
1900-01-01 08:41:00,7.4,8,41,Normal,0.8660254037844387,-0.4999999999999998,-0.9135454576426004,-0.4067366430758009,9.4,8.6,10.6,11.3,9.1,8.2,9.9,11.4,11.3
1900-01-01 08:56:00,8.2,8,56,High,0.8660254037844387,-0.4999999999999998,-0.4067366430758001,0.913545457642601,9.22,7.4,8.6,10.6,11.3,9.9,11.4,11.3,9.3
1900-01-01 09:11:00,9.9,9,11,High,0.7071067811865476,-0.7071067811865475,0.9135454576426008,0.4067366430758004,8.94,8.2,7.4,8.6,10.6,11.4,11.3,9.3,7.9
1900-01-01 09:26:00,11.4,9,26,Very High,0.7071067811865476,-0.7071067811865475,0.4067366430758,-0.913545457642601,9.1,9.9,8.2,7.4,8.6,11.3,9.3,7.9,8.3
1900-01-01 09:41:00,11.3,9,41,Very High,0.7071067811865476,-0.7071067811865475,-0.9135454576426004,-0.4067366430758009,9.64,11.4,9.9,8.2,7.4,9.3,7.9,8.3,8.1
1900-01-01 09:56:00,9.3,9,56,High,0.7071067811865476,-0.7071067811865475,-0.4067366430758001,0.913545457642601,10.02,11.3,11.4,9.9,8.2,7.9,8.3,8.1,6.9
1900-01-01 10:11:00,7.9,10,11,Normal,0.4999999999999999,-0.8660254037844387,0.9135454576426008,0.4067366430758004,9.96,9.3,11.3,11.4,9.9,8.3,8.1,6.9,6.2
1900-01-01 10:26:00,8.3,10,26,High,0.4999999999999999,-0.8660254037844387,0.4067366430758,-0.913545457642601,9.64,7.9,9.3,11.3,11.4,8.1,6.9,6.2,6.4
1900-01-01 10:41:00,8.1,10,41,High,0.4999999999999999,-0.8660254037844387,-0.9135454576426004,-0.4067366430758009,8.98,8.3,7.9,9.3,11.3,6.9,6.2,6.4,7.3
1900-01-01 10:56:00,6.9,10,56,Normal,0.4999999999999999,-0.8660254037844387,-0.4067366430758001,0.913545457642601,8.1,8.1,8.3,7.9,9.3,6.2,6.4,7.3,7.9
1900-01-01 11:11:00,6.2,11,11,Normal,0.258819045102521,-0.9659258262890682,0.9135454576426008,0.4067366430758004,7.480000000000001,6.9,8.1,8.3,7.9,6.4,7.3,7.9,7.6
1900-01-01 11:26:00,6.4,11,26,Normal,0.258819045102521,-0.9659258262890682,0.4067366430758,-0.913545457642601,7.18,6.2,6.9,8.1,8.3,7.3,7.9,7.6,5.9
1900-01-01 11:41:00,7.3,11,41,Normal,0.258819045102521,-0.9659258262890682,-0.9135454576426004,-0.4067366430758009,6.98,6.4,6.2,6.9,8.1,7.9,7.6,5.9,4.5
1900-01-01 11:56:00,7.9,11,56,Normal,0.258819045102521,-0.9659258262890682,-0.4067366430758001,0.913545457642601,6.94,7.3,6.4,6.2,6.9,7.6,5.9,4.5,4.8
1900-01-01 12:11:00,7.6,12,11,Normal,1.2246467991473532e-16,-1.0,0.9135454576426008,0.4067366430758004,7.08,7.9,7.3,6.4,6.2,5.9,4.5,4.8,6.1
1900-01-01 12:26:00,5.9,12,26,Normal,1.2246467991473532e-16,-1.0,0.4067366430758,-0.913545457642601,7.0200000000000005,7.6,7.9,7.3,6.4,4.5,4.8,6.1,7.1
1900-01-01 12:41:00,4.5,12,41,Low,1.2246467991473532e-16,-1.0,-0.9135454576426004,-0.4067366430758009,6.640000000000001,5.9,7.6,7.9,7.3,4.8,6.1,7.1,7.8
1900-01-01 12:56:00,4.8,12,56,Low,1.2246467991473532e-16,-1.0,-0.4067366430758001,0.913545457642601,6.140000000000001,4.5,5.9,7.6,7.9,6.1,7.1,7.8,8.6
1900-01-01 13:11:00,6.1,13,11,Normal,-0.2588190451025208,-0.9659258262890684,0.9135454576426008,0.4067366430758004,5.779999999999999,4.8,4.5,5.9,7.6,7.1,7.8,8.6,9.4
1900-01-01 13:26:00,7.1,13,26,Normal,-0.2588190451025208,-0.9659258262890684,0.4067366430758,-0.913545457642601,5.68,6.1,4.8,4.5,5.9,7.8,8.6,9.4,9.9
1900-01-01 13:41:00,7.8,13,41,Normal,-0.2588190451025208,-0.9659258262890684,-0.9135454576426004,-0.4067366430758009,6.06,7.1,6.1,4.8,4.5,8.6,9.4,9.9,10.3
1900-01-01 13:56:00,8.6,13,56,High,-0.2588190451025208,-0.9659258262890684,-0.4067366430758001,0.913545457642601,6.88,7.8,7.1,6.1,4.8,9.4,9.9,10.3,10.1
1900-01-01 14:11:00,9.4,14,11,High,-0.4999999999999997,-0.8660254037844388,0.9135454576426008,0.4067366430758004,7.8,8.6,7.8,7.1,6.1,9.9,10.3,10.1,9.3
1900-01-01 14:26:00,9.9,14,26,High,-0.4999999999999997,-0.8660254037844388,0.4067366430758,-0.913545457642601,8.559999999999999,9.4,8.6,7.8,7.1,10.3,10.1,9.3,8.7
1900-01-01 14:41:00,10.3,14,41,Very High,-0.4999999999999997,-0.8660254037844388,-0.9135454576426004,-0.4067366430758009,9.2,9.9,9.4,8.6,7.8,10.1,9.3,8.7,7.9
1900-01-01 14:56:00,10.1,14,56,Very High,-0.4999999999999997,-0.8660254037844388,-0.4067366430758001,0.913545457642601,9.66,10.3,9.9,9.4,8.6,9.3,8.7,7.9,6.9
1900-01-01 15:11:00,9.3,15,11,High,-0.7071067811865471,-0.7071067811865479,0.9135454576426008,0.4067366430758004,9.8,10.1,10.3,9.9,9.4,8.7,7.9,6.9,6.3
1900-01-01 15:26:00,8.7,15,26,High,-0.7071067811865471,-0.7071067811865479,0.4067366430758,-0.913545457642601,9.66,9.3,10.1,10.3,9.9,7.9,6.9,6.3,5.9
1900-01-01 15:41:00,7.9,15,41,Normal,-0.7071067811865471,-0.7071067811865479,-0.9135454576426004,-0.4067366430758009,9.26,8.7,9.3,10.1,10.3,6.9,6.3,5.9,5.6
1900-01-01 15:56:00,6.9,15,56,Normal,-0.7071067811865471,-0.7071067811865479,-0.4067366430758001,0.913545457642601,8.580000000000002,7.9,8.7,9.3,10.1,6.3,5.9,5.6,5.4
1900-01-01 16:11:00,6.3,16,11,Normal,-0.8660254037844384,-0.5000000000000004,0.9135454576426008,0.4067366430758004,7.82,6.9,7.9,8.7,9.3,5.9,5.6,5.4,6.0
1900-01-01 16:26:00,5.9,16,26,Normal,-0.8660254037844384,-0.5000000000000004,0.4067366430758,-0.913545457642601,7.139999999999999,6.3,6.9,7.9,8.7,5.6,5.4,6.0,8.4
1900-01-01 16:41:00,5.6,16,41,Normal,-0.8660254037844384,-0.5000000000000004,-0.9135454576426004,-0.4067366430758009,6.5200000000000005,5.9,6.3,6.9,7.9,5.4,6.0,8.4,11.7
1900-01-01 16:56:00,5.4,16,56,Normal,-0.8660254037844384,-0.5000000000000004,-0.4067366430758001,0.913545457642601,6.0200000000000005,5.6,5.9,6.3,6.9,6.0,8.4,11.7,13.0
1900-01-01 17:11:00,6.0,17,11,Normal,-0.9659258262890684,-0.2588190451025206,0.9135454576426008,0.4067366430758004,5.840000000000001,5.4,5.6,5.9,6.3,8.4,11.7,13.0,11.6
1900-01-01 17:26:00,8.4,17,26,High,-0.9659258262890684,-0.2588190451025206,0.4067366430758,-0.913545457642601,6.26,6.0,5.4,5.6,5.9,11.7,13.0,11.6,9.8
1900-01-01 17:41:00,11.7,17,41,Very High,-0.9659258262890684,-0.2588190451025206,-0.9135454576426004,-0.4067366430758009,7.419999999999999,8.4,6.0,5.4,5.6,13.0,11.6,9.8,9.4
1900-01-01 17:56:00,13.0,17,56,Very High,-0.9659258262890684,-0.2588190451025206,-0.4067366430758001,0.913545457642601,8.9,11.7,8.4,6.0,5.4,11.6,9.8,9.4,10.4
1900-01-01 18:11:00,11.6,18,11,Very High,-1.0,-1.8369701987210294e-16,0.9135454576426008,0.4067366430758004,10.14,13.0,11.7,8.4,6.0,9.8,9.4,10.4,11.1
1900-01-01 18:26:00,9.8,18,26,High,-1.0,-1.8369701987210294e-16,0.4067366430758,-0.913545457642601,10.9,11.6,13.0,11.7,8.4,9.4,10.4,11.1,11.3
1900-01-01 18:41:00,9.4,18,41,High,-1.0,-1.8369701987210294e-16,-0.9135454576426004,-0.4067366430758009,11.1,9.8,11.6,13.0,11.7,10.4,11.1,11.3,11.1
1900-01-01 18:56:00,10.4,18,56,Very High,-1.0,-1.8369701987210294e-16,-0.4067366430758001,0.913545457642601,10.84,9.4,9.8,11.6,13.0,11.1,11.3,11.1,10.7
1900-01-01 19:11:00,11.1,19,11,Very High,-0.9659258262890684,0.2588190451025203,0.9135454576426008,0.4067366430758004,10.46,10.4,9.4,9.8,11.6,11.3,11.1,10.7,9.8
1900-01-01 19:26:00,11.3,19,26,Very High,-0.9659258262890684,0.2588190451025203,0.4067366430758,-0.913545457642601,10.4,11.1,10.4,9.4,9.8,11.1,10.7,9.8,8.7
1900-01-01 19:41:00,11.1,19,41,Very High,-0.9659258262890684,0.2588190451025203,-0.9135454576426004,-0.4067366430758009,10.66,11.3,11.1,10.4,9.4,10.7,9.8,8.7,7.9
1900-01-01 19:56:00,10.7,19,56,Very High,-0.9659258262890684,0.2588190451025203,-0.4067366430758001,0.913545457642601,10.92,11.1,11.3,11.1,10.4,9.8,8.7,7.9,7.7
1900-01-01 20:11:00,9.8,20,11,High,-0.8660254037844386,0.5000000000000001,0.9135454576426008,0.4067366430758004,10.8,10.7,11.1,11.3,11.1,8.7,7.9,7.7,7.1
1900-01-01 20:26:00,8.7,20,26,High,-0.8660254037844386,0.5000000000000001,0.4067366430758,-0.913545457642601,10.32,9.8,10.7,11.1,11.3,7.9,7.7,7.1,6.1
1900-01-01 20:41:00,7.9,20,41,Normal,-0.8660254037844386,0.5000000000000001,-0.9135454576426004,-0.4067366430758009,9.64,8.7,9.8,10.7,11.1,7.7,7.1,6.1,6.0
1900-01-01 20:56:00,7.7,20,56,Normal,-0.8660254037844386,0.5000000000000001,-0.4067366430758001,0.913545457642601,8.959999999999999,7.9,8.7,9.8,10.7,7.1,6.1,6.0,6.6
1900-01-01 21:11:00,7.1,21,11,Normal,-0.7071067811865477,0.7071067811865474,0.9135454576426008,0.4067366430758004,8.24,7.7,7.9,8.7,9.8,6.1,6.0,6.6,6.2
1900-01-01 21:26:00,6.1,21,26,Normal,-0.7071067811865477,0.7071067811865474,0.4067366430758,-0.913545457642601,7.5,7.1,7.7,7.9,8.7,6.0,6.6,6.2,5.6
1900-01-01 21:41:00,6.0,21,41,Normal,-0.7071067811865477,0.7071067811865474,-0.9135454576426004,-0.4067366430758009,6.960000000000001,6.1,7.1,7.7,7.9,6.6,6.2,5.6,5.5
1900-01-01 21:56:00,6.6,21,56,Normal,-0.7071067811865477,0.7071067811865474,-0.4067366430758001,0.913545457642601,6.7,6.0,6.1,7.1,7.7,6.2,5.6,5.5,5.4
1900-01-01 22:11:00,6.2,22,11,Normal,-0.5000000000000004,0.8660254037844384,0.9135454576426008,0.4067366430758004,6.4,6.6,6.0,6.1,7.1,5.6,5.5,5.4,5.2
1900-01-01 22:26:00,5.6,22,26,Normal,-0.5000000000000004,0.8660254037844384,0.4067366430758,-0.913545457642601,6.1,6.2,6.6,6.0,6.1,5.5,5.4,5.2,5.1
1900-01-01 22:41:00,5.5,22,41,Normal,-0.5000000000000004,0.8660254037844384,-0.9135454576426004,-0.4067366430758009,5.98,5.6,6.2,6.6,6.0,5.4,5.2,5.1,5.2
1900-01-01 22:56:00,5.4,22,56,Normal,-0.5000000000000004,0.8660254037844384,-0.4067366430758001,0.913545457642601,5.86,5.5,5.6,6.2,6.6,5.2,5.1,5.2,5.2
1900-01-01 23:11:00,5.2,23,11,Normal,-0.2588190451025215,0.965925826289068,0.9135454576426008,0.4067366430758004,5.58,5.4,5.5,5.6,6.2,5.1,5.2,5.2,5.1
1900-01-01 23:26:00,5.1,23,26,Normal,-0.2588190451025215,0.965925826289068,0.4067366430758,-0.913545457642601,5.36,5.2,5.4,5.5,5.6,5.2,5.2,5.1,5.2
1900-01-01 23:41:00,5.2,23,41,Normal,-0.2588190451025215,0.965925826289068,-0.9135454576426004,-0.4067366430758009,5.28,5.1,5.2,5.4,5.5,5.2,5.1,5.2,5.2
1900-01-01 23:56:00,5.2,23,56,Normal,-0.2588190451025215,0.965925826289068,-0.4067366430758001,0.913545457642601,5.22,5.2,5.1,5.2,5.4,5.1,5.2,5.2,4.8
1900-01-01 00:11:00,5.1,0,11,Normal,0.0,1.0,0.9135454576426008,0.4067366430758004,5.16,5.2,5.2,5.1,5.2,5.2,5.2,4.8,4.7
1900-01-01 00:26:00,5.2,0,26,Normal,0.0,1.0,0.4067366430758,-0.913545457642601,5.16,5.1,5.2,5.2,5.1,5.2,4.8,4.7,5.4
1900-01-01 00:41:00,5.2,0,41,Normal,0.0,1.0,-0.9135454576426004,-0.4067366430758009,5.18,5.2,5.1,5.2,5.2,4.8,4.7,5.4,5.8
1900-01-01 00:56:00,4.8,0,56,Low,0.0,1.0,-0.4067366430758001,0.913545457642601,5.1,5.2,5.2,5.1,5.2,4.7,5.4,5.8,5.8
1900-01-01 01:11:00,4.7,1,11,Low,0.2588190451025207,0.9659258262890684,0.9135454576426008,0.4067366430758004,5.0,4.8,5.2,5.2,5.1,5.4,5.8,5.8,6.0
1900-01-01 01:26:00,5.4,1,26,Normal,0.2588190451025207,0.9659258262890684,0.4067366430758,-0.913545457642601,5.0600000000000005,4.7,4.8,5.2,5.2,5.8,5.8,6.0,6.1
1900-01-01 01:41:00,5.8,1,41,Normal,0.2588190451025207,0.9659258262890684,-0.9135454576426004,-0.4067366430758009,5.18,5.4,4.7,4.8,5.2,5.8,6.0,6.1,6.2
1900-01-01 01:56:00,5.8,1,56,Normal,0.2588190451025207,0.9659258262890684,-0.4067366430758001,0.913545457642601,5.3,5.8,5.4,4.7,4.8,6.0,6.1,6.2,6.3
1900-01-01 02:11:00,6.0,2,11,Normal,0.4999999999999999,0.8660254037844387,0.9135454576426008,0.4067366430758004,5.54,5.8,5.8,5.4,4.7,6.1,6.2,6.3,6.1
1900-01-01 02:26:00,6.1,2,26,Normal,0.4999999999999999,0.8660254037844387,0.4067366430758,-0.913545457642601,5.82,6.0,5.8,5.8,5.4,6.2,6.3,6.1,6.2
1900-01-01 02:41:00,6.2,2,41,Normal,0.4999999999999999,0.8660254037844387,-0.9135454576426004,-0.4067366430758009,5.98,6.1,6.0,5.8,5.8,6.3,6.1,6.2,6.2
1900-01-01 02:56:00,6.3,2,56,Normal,0.4999999999999999,0.8660254037844387,-0.4067366430758001,0.913545457642601,6.08,6.2,6.1,6.0,5.8,6.1,6.2,6.2,6.1
1900-01-01 03:11:00,6.1,3,11,Normal,0.7071067811865475,0.7071067811865476,0.9135454576426008,0.4067366430758004,6.14,6.3,6.2,6.1,6.0,6.2,6.2,6.1,5.9
1900-01-01 03:26:00,6.2,3,26,Normal,0.7071067811865475,0.7071067811865476,0.4067366430758,-0.913545457642601,6.18,6.1,6.3,6.2,6.1,6.2,6.1,5.9,6.0
1900-01-01 03:41:00,6.2,3,41,Normal,0.7071067811865475,0.7071067811865476,-0.9135454576426004,-0.4067366430758009,6.2,6.2,6.1,6.3,6.2,6.1,5.9,6.0,6.2
1900-01-01 03:56:00,6.1,3,56,Normal,0.7071067811865475,0.7071067811865476,-0.4067366430758001,0.913545457642601,6.18,6.2,6.2,6.1,6.3,5.9,6.0,6.2,6.5
1900-01-01 04:11:00,5.9,4,11,Normal,0.8660254037844386,0.5000000000000001,0.9135454576426008,0.4067366430758004,6.1,6.1,6.2,6.2,6.1,6.0,6.2,6.5,6.4
1900-01-01 04:26:00,6.0,4,26,Normal,0.8660254037844386,0.5000000000000001,0.4067366430758,-0.913545457642601,6.08,5.9,6.1,6.2,6.2,6.2,6.5,6.4,6.4
1900-01-01 04:41:00,6.2,4,41,Normal,0.8660254037844386,0.5000000000000001,-0.9135454576426004,-0.4067366430758009,6.08,6.0,5.9,6.1,6.2,6.5,6.4,6.4,6.4
1900-01-01 04:56:00,6.5,4,56,Normal,0.8660254037844386,0.5000000000000001,-0.4067366430758001,0.913545457642601,6.14,6.2,6.0,5.9,6.1,6.4,6.4,6.4,6.4
1900-01-01 05:11:00,6.4,5,11,Normal,0.9659258262890684,0.2588190451025207,0.9135454576426008,0.4067366430758004,6.2,6.5,6.2,6.0,5.9,6.4,6.4,6.4,6.3
1900-01-01 05:26:00,6.4,5,26,Normal,0.9659258262890684,0.2588190451025207,0.4067366430758,-0.913545457642601,6.3,6.4,6.5,6.2,6.0,6.4,6.4,6.3,6.1
1900-01-01 05:41:00,6.4,5,41,Normal,0.9659258262890684,0.2588190451025207,-0.9135454576426004,-0.4067366430758009,6.38,6.4,6.4,6.5,6.2,6.4,6.3,6.1,5.8
1900-01-01 05:56:00,6.4,5,56,Normal,0.9659258262890684,0.2588190451025207,-0.4067366430758001,0.913545457642601,6.42,6.4,6.4,6.4,6.5,6.3,6.1,5.8,5.8
1900-01-01 06:11:00,6.3,6,11,Normal,1.0,6.123233995736766e-17,0.9135454576426008,0.4067366430758004,6.380000000000001,6.4,6.4,6.4,6.4,6.1,5.8,5.8,5.9
1900-01-01 06:26:00,6.1,6,26,Normal,1.0,6.123233995736766e-17,0.4067366430758,-0.913545457642601,6.319999999999999,6.3,6.4,6.4,6.4,5.8,5.8,5.9,6.0
1900-01-01 06:41:00,5.8,6,41,Normal,1.0,6.123233995736766e-17,-0.9135454576426004,-0.4067366430758009,6.2,6.1,6.3,6.4,6.4,5.8,5.9,6.0,5.9
1900-01-01 06:56:00,5.8,6,56,Normal,1.0,6.123233995736766e-17,-0.4067366430758001,0.913545457642601,6.08,5.8,6.1,6.3,6.4,5.9,6.0,5.9,5.7
1900-01-01 07:11:00,5.9,7,11,Normal,0.9659258262890684,-0.2588190451025206,0.9135454576426008,0.4067366430758004,5.98,5.8,5.8,6.1,6.3,6.0,5.9,5.7,5.5
1900-01-01 07:26:00,6.0,7,26,Normal,0.9659258262890684,-0.2588190451025206,0.4067366430758,-0.913545457642601,5.92,5.9,5.8,5.8,6.1,5.9,5.7,5.5,5.9
1900-01-01 07:41:00,5.9,7,41,Normal,0.9659258262890684,-0.2588190451025206,-0.9135454576426004,-0.4067366430758009,5.880000000000001,6.0,5.9,5.8,5.8,5.7,5.5,5.9,7.2
1900-01-01 07:56:00,5.7,7,56,Normal,0.9659258262890684,-0.2588190451025206,-0.4067366430758001,0.913545457642601,5.86,5.9,6.0,5.9,5.8,5.5,5.9,7.2,9.8
1900-01-01 08:11:00,5.5,8,11,Normal,0.8660254037844387,-0.4999999999999998,0.9135454576426008,0.4067366430758004,5.8,5.7,5.9,6.0,5.9,5.9,7.2,9.8,12.2
1900-01-01 08:26:00,5.9,8,26,Normal,0.8660254037844387,-0.4999999999999998,0.4067366430758,-0.913545457642601,5.8,5.5,5.7,5.9,6.0,7.2,9.8,12.2,14.1
1900-01-01 08:41:00,7.2,8,41,Normal,0.8660254037844387,-0.4999999999999998,-0.9135454576426004,-0.4067366430758009,6.040000000000001,5.9,5.5,5.7,5.9,9.8,12.2,14.1,15.6
1900-01-01 08:56:00,9.8,8,56,High,0.8660254037844387,-0.4999999999999998,-0.4067366430758001,0.913545457642601,6.82,7.2,5.9,5.5,5.7,12.2,14.1,15.6,15.8
1900-01-01 09:11:00,12.2,9,11,Very High,0.7071067811865476,-0.7071067811865475,0.9135454576426008,0.4067366430758004,8.120000000000001,9.8,7.2,5.9,5.5,14.1,15.6,15.8,15.3
1900-01-01 09:26:00,14.1,9,26,Very High,0.7071067811865476,-0.7071067811865475,0.4067366430758,-0.913545457642601,9.84,12.2,9.8,7.2,5.9,15.6,15.8,15.3,14.4
1900-01-01 09:41:00,15.6,9,41,Very High,0.7071067811865476,-0.7071067811865475,-0.9135454576426004,-0.4067366430758009,11.78,14.1,12.2,9.8,7.2,15.8,15.3,14.4,13.3
1900-01-01 09:56:00,15.8,9,56,Very High,0.7071067811865476,-0.7071067811865475,-0.4067366430758001,0.913545457642601,13.5,15.6,14.1,12.2,9.8,15.3,14.4,13.3,11.8
1900-01-01 10:11:00,15.3,10,11,Very High,0.4999999999999999,-0.8660254037844387,0.9135454576426008,0.4067366430758004,14.6,15.8,15.6,14.1,12.2,14.4,13.3,11.8,10.2
1900-01-01 10:26:00,14.4,10,26,Very High,0.4999999999999999,-0.8660254037844387,0.4067366430758,-0.913545457642601,15.04,15.3,15.8,15.6,14.1,13.3,11.8,10.2,9.2
1900-01-01 10:41:00,13.3,10,41,Very High,0.4999999999999999,-0.8660254037844387,-0.9135454576426004,-0.4067366430758009,14.88,14.4,15.3,15.8,15.6,11.8,10.2,9.2,9.2
1900-01-01 10:56:00,11.8,10,56,Very High,0.4999999999999999,-0.8660254037844387,-0.4067366430758001,0.913545457642601,14.12,13.3,14.4,15.3,15.8,10.2,9.2,9.2,9.2
1900-01-01 11:11:00,10.2,11,11,Very High,0.258819045102521,-0.9659258262890682,0.9135454576426008,0.4067366430758004,13.0,11.8,13.3,14.4,15.3,9.2,9.2,9.2,9.8
1900-01-01 11:26:00,9.2,11,26,High,0.258819045102521,-0.9659258262890682,0.4067366430758,-0.913545457642601,11.78,10.2,11.8,13.3,14.4,9.2,9.2,9.8,10.1
1900-01-01 11:41:00,9.2,11,41,High,0.258819045102521,-0.9659258262890682,-0.9135454576426004,-0.4067366430758009,10.739999999999998,9.2,10.2,11.8,13.3,9.2,9.8,10.1,8.9
1900-01-01 11:56:00,9.2,11,56,High,0.258819045102521,-0.9659258262890682,-0.4067366430758001,0.913545457642601,9.92,9.2,9.2,10.2,11.8,9.8,10.1,8.9,7.8
1900-01-01 12:11:00,9.8,12,11,High,1.2246467991473532e-16,-1.0,0.9135454576426008,0.4067366430758004,9.52,9.2,9.2,9.2,10.2,10.1,8.9,7.8,7.2
1900-01-01 12:26:00,10.1,12,26,Very High,1.2246467991473532e-16,-1.0,0.4067366430758,-0.913545457642601,9.5,9.8,9.2,9.2,9.2,8.9,7.8,7.2,6.9
1900-01-01 12:41:00,8.9,12,41,High,1.2246467991473532e-16,-1.0,-0.9135454576426004,-0.4067366430758009,9.44,10.1,9.8,9.2,9.2,7.8,7.2,6.9,6.8
1900-01-01 12:56:00,7.8,12,56,Normal,1.2246467991473532e-16,-1.0,-0.4067366430758001,0.913545457642601,9.16,8.9,10.1,9.8,9.2,7.2,6.9,6.8,6.6
1900-01-01 13:11:00,7.2,13,11,Normal,-0.2588190451025208,-0.9659258262890684,0.9135454576426008,0.4067366430758004,8.76,7.8,8.9,10.1,9.8,6.9,6.8,6.6,6.5
1900-01-01 13:26:00,6.9,13,26,Normal,-0.2588190451025208,-0.9659258262890684,0.4067366430758,-0.913545457642601,8.180000000000001,7.2,7.8,8.9,10.1,6.8,6.6,6.5,6.4
1900-01-01 13:41:00,6.8,13,41,Normal,-0.2588190451025208,-0.9659258262890684,-0.9135454576426004,-0.4067366430758009,7.52,6.9,7.2,7.8,8.9,6.6,6.5,6.4,6.8
1900-01-01 13:56:00,6.6,13,56,Normal,-0.2588190451025208,-0.9659258262890684,-0.4067366430758001,0.913545457642601,7.0600000000000005,6.8,6.9,7.2,7.8,6.5,6.4,6.8,7.4
1900-01-01 14:11:00,6.5,14,11,Normal,-0.4999999999999997,-0.8660254037844388,0.9135454576426008,0.4067366430758004,6.8,6.6,6.8,6.9,7.2,6.4,6.8,7.4,7.2
1900-01-01 14:26:00,6.4,14,26,Normal,-0.4999999999999997,-0.8660254037844388,0.4067366430758,-0.913545457642601,6.639999999999999,6.5,6.6,6.8,6.9,6.8,7.4,7.2,6.8
1900-01-01 14:41:00,6.8,14,41,Normal,-0.4999999999999997,-0.8660254037844388,-0.9135454576426004,-0.4067366430758009,6.62,6.4,6.5,6.6,6.8,7.4,7.2,6.8,6.4
1900-01-01 14:56:00,7.4,14,56,Normal,-0.4999999999999997,-0.8660254037844388,-0.4067366430758001,0.913545457642601,6.74,6.8,6.4,6.5,6.6,7.2,6.8,6.4,6.3
1900-01-01 15:11:00,7.2,15,11,Normal,-0.7071067811865471,-0.7071067811865479,0.9135454576426008,0.4067366430758004,6.860000000000001,7.4,6.8,6.4,6.5,6.8,6.4,6.3,5.9
1900-01-01 15:26:00,6.8,15,26,Normal,-0.7071067811865471,-0.7071067811865479,0.4067366430758,-0.913545457642601,6.92,7.2,7.4,6.8,6.4,6.4,6.3,5.9,5.3
1900-01-01 15:41:00,6.4,15,41,Normal,-0.7071067811865471,-0.7071067811865479,-0.9135454576426004,-0.4067366430758009,6.92,6.8,7.2,7.4,6.8,6.3,5.9,5.3,5.1
1900-01-01 15:56:00,6.3,15,56,Normal,-0.7071067811865471,-0.7071067811865479,-0.4067366430758001,0.913545457642601,6.82,6.4,6.8,7.2,7.4,5.9,5.3,5.1,5.1
1900-01-01 16:11:00,5.9,16,11,Normal,-0.8660254037844384,-0.5000000000000004,0.9135454576426008,0.4067366430758004,6.5200000000000005,6.3,6.4,6.8,7.2,5.3,5.1,5.1,5.2
1900-01-01 16:26:00,5.3,16,26,Normal,-0.8660254037844384,-0.5000000000000004,0.4067366430758,-0.913545457642601,6.140000000000001,5.9,6.3,6.4,6.8,5.1,5.1,5.2,5.3
1900-01-01 16:41:00,5.1,16,41,Normal,-0.8660254037844384,-0.5000000000000004,-0.9135454576426004,-0.4067366430758009,5.8,5.3,5.9,6.3,6.4,5.1,5.2,5.3,5.4
1900-01-01 16:56:00,5.1,16,56,Normal,-0.8660254037844384,-0.5000000000000004,-0.4067366430758001,0.913545457642601,5.540000000000001,5.1,5.3,5.9,6.3,5.2,5.3,5.4,5.4
1900-01-01 17:11:00,5.2,17,11,Normal,-0.9659258262890684,-0.2588190451025206,0.9135454576426008,0.4067366430758004,5.32,5.1,5.1,5.3,5.9,5.3,5.4,5.4,5.6
1900-01-01 17:26:00,5.3,17,26,Normal,-0.9659258262890684,-0.2588190451025206,0.4067366430758,-0.913545457642601,5.2,5.2,5.1,5.1,5.3,5.4,5.4,5.6,5.7
1900-01-01 17:41:00,5.4,17,41,Normal,-0.9659258262890684,-0.2588190451025206,-0.9135454576426004,-0.4067366430758009,5.220000000000001,5.3,5.2,5.1,5.1,5.4,5.6,5.7,6.0
1900-01-01 17:56:00,5.4,17,56,Normal,-0.9659258262890684,-0.2588190451025206,-0.4067366430758001,0.913545457642601,5.279999999999999,5.4,5.3,5.2,5.1,5.6,5.7,6.0,7.6
1900-01-01 18:11:00,5.6,18,11,Normal,-1.0,-1.8369701987210294e-16,0.9135454576426008,0.4067366430758004,5.38,5.4,5.4,5.3,5.2,5.7,6.0,7.6,10.2
1900-01-01 18:26:00,5.7,18,26,Normal,-1.0,-1.8369701987210294e-16,0.4067366430758,-0.913545457642601,5.48,5.6,5.4,5.4,5.3,6.0,7.6,10.2,11.6
1900-01-01 18:41:00,6.0,18,41,Normal,-1.0,-1.8369701987210294e-16,-0.9135454576426004,-0.4067366430758009,5.62,5.7,5.6,5.4,5.4,7.6,10.2,11.6,12.1
1900-01-01 18:56:00,7.6,18,56,Normal,-1.0,-1.8369701987210294e-16,-0.4067366430758001,0.913545457642601,6.0600000000000005,6.0,5.7,5.6,5.4,10.2,11.6,12.1,12.2
1900-01-01 19:11:00,10.2,19,11,Very High,-0.9659258262890684,0.2588190451025203,0.9135454576426008,0.4067366430758004,7.019999999999999,7.6,6.0,5.7,5.6,11.6,12.1,12.2,10.9
1900-01-01 19:26:00,11.6,19,26,Very High,-0.9659258262890684,0.2588190451025203,0.4067366430758,-0.913545457642601,8.22,10.2,7.6,6.0,5.7,12.1,12.2,10.9,9.8
1900-01-01 19:41:00,12.1,19,41,Very High,-0.9659258262890684,0.2588190451025203,-0.9135454576426004,-0.4067366430758009,9.5,11.6,10.2,7.6,6.0,12.2,10.9,9.8,8.9
1900-01-01 19:56:00,12.2,19,56,Very High,-0.9659258262890684,0.2588190451025203,-0.4067366430758001,0.913545457642601,10.739999999999998,12.1,11.6,10.2,7.6,10.9,9.8,8.9,8.5
1900-01-01 20:11:00,10.9,20,11,Very High,-0.8660254037844386,0.5000000000000001,0.9135454576426008,0.4067366430758004,11.4,12.2,12.1,11.6,10.2,9.8,8.9,8.5,8.7
1900-01-01 20:26:00,9.8,20,26,High,-0.8660254037844386,0.5000000000000001,0.4067366430758,-0.913545457642601,11.32,10.9,12.2,12.1,11.6,8.9,8.5,8.7,8.7
1900-01-01 20:41:00,8.9,20,41,High,-0.8660254037844386,0.5000000000000001,-0.9135454576426004,-0.4067366430758009,10.78,9.8,10.9,12.2,12.1,8.5,8.7,8.7,8.6
1900-01-01 20:56:00,8.5,20,56,High,-0.8660254037844386,0.5000000000000001,-0.4067366430758001,0.913545457642601,10.06,8.9,9.8,10.9,12.2,8.7,8.7,8.6,8.3
1900-01-01 21:11:00,8.7,21,11,High,-0.7071067811865477,0.7071067811865474,0.9135454576426008,0.4067366430758004,9.36,8.5,8.9,9.8,10.9,8.7,8.6,8.3,7.8
1900-01-01 21:26:00,8.7,21,26,High,-0.7071067811865477,0.7071067811865474,0.4067366430758,-0.913545457642601,8.92,8.7,8.5,8.9,9.8,8.6,8.3,7.8,7.2
1900-01-01 21:41:00,8.6,21,41,High,-0.7071067811865477,0.7071067811865474,-0.9135454576426004,-0.4067366430758009,8.68,8.7,8.7,8.5,8.9,8.3,7.8,7.2,6.8
1900-01-01 21:56:00,8.3,21,56,High,-0.7071067811865477,0.7071067811865474,-0.4067366430758001,0.913545457642601,8.559999999999999,8.6,8.7,8.7,8.5,7.8,7.2,6.8,6.7
1900-01-01 22:11:00,7.8,22,11,Normal,-0.5000000000000004,0.8660254037844384,0.9135454576426008,0.4067366430758004,8.42,8.3,8.6,8.7,8.7,7.2,6.8,6.7,6.7
1900-01-01 22:26:00,7.2,22,26,Normal,-0.5000000000000004,0.8660254037844384,0.4067366430758,-0.913545457642601,8.120000000000001,7.8,8.3,8.6,8.7,6.8,6.7,6.7,6.4
1900-01-01 22:41:00,6.8,22,41,Normal,-0.5000000000000004,0.8660254037844384,-0.9135454576426004,-0.4067366430758009,7.74,7.2,7.8,8.3,8.6,6.7,6.7,6.4,5.9
1900-01-01 22:56:00,6.7,22,56,Normal,-0.5000000000000004,0.8660254037844384,-0.4067366430758001,0.913545457642601,7.359999999999999,6.8,7.2,7.8,8.3,6.7,6.4,5.9,5.6
1900-01-01 23:11:00,6.7,23,11,Normal,-0.2588190451025215,0.965925826289068,0.9135454576426008,0.4067366430758004,7.040000000000001,6.7,6.8,7.2,7.8,6.4,5.9,5.6,5.4
1900-01-01 23:26:00,6.4,23,26,Normal,-0.2588190451025215,0.965925826289068,0.4067366430758,-0.913545457642601,6.760000000000001,6.7,6.7,6.8,7.2,5.9,5.6,5.4,5.2
1900-01-01 23:41:00,5.9,23,41,Normal,-0.2588190451025215,0.965925826289068,-0.9135454576426004,-0.4067366430758009,6.5,6.4,6.7,6.7,6.8,5.6,5.4,5.2,5.1
1900-01-01 23:56:00,5.6,23,56,Normal,-0.2588190451025215,0.965925826289068,-0.4067366430758001,0.913545457642601,6.26,5.9,6.4,6.7,6.7,5.4,5.2,5.1,5.1
1900-01-01 00:11:00,5.4,0,11,Normal,0.0,1.0,0.9135454576426008,0.4067366430758004,6.000000000000001,5.6,5.9,6.4,6.7,5.2,5.1,5.1,5.2
1900-01-01 00:26:00,5.2,0,26,Normal,0.0,1.0,0.4067366430758,-0.913545457642601,5.7,5.4,5.6,5.9,6.4,5.1,5.1,5.2,5.1
1900-01-01 00:41:00,5.1,0,41,Normal,0.0,1.0,-0.9135454576426004,-0.4067366430758009,5.44,5.2,5.4,5.6,5.9,5.1,5.2,5.1,5.1
1900-01-01 00:56:00,5.1,0,56,Normal,0.0,1.0,-0.4067366430758001,0.913545457642601,5.279999999999999,5.1,5.2,5.4,5.6,5.2,5.1,5.1,5.3
1900-01-01 01:11:00,5.2,1,11,Normal,0.2588190451025207,0.9659258262890684,0.9135454576426008,0.4067366430758004,5.2,5.1,5.1,5.2,5.4,5.1,5.1,5.3,5.4
1900-01-01 01:26:00,5.1,1,26,Normal,0.2588190451025207,0.9659258262890684,0.4067366430758,-0.913545457642601,5.14,5.2,5.1,5.1,5.2,5.1,5.3,5.4,5.4
1900-01-01 01:41:00,5.1,1,41,Normal,0.2588190451025207,0.9659258262890684,-0.9135454576426004,-0.4067366430758009,5.119999999999999,5.1,5.2,5.1,5.1,5.3,5.4,5.4,5.4
1900-01-01 01:56:00,5.3,1,56,Normal,0.2588190451025207,0.9659258262890684,-0.4067366430758001,0.913545457642601,5.16,5.1,5.1,5.2,5.1,5.4,5.4,5.4,5.5
1900-01-01 02:11:00,5.4,2,11,Normal,0.4999999999999999,0.8660254037844387,0.9135454576426008,0.4067366430758004,5.220000000000001,5.3,5.1,5.1,5.2,5.4,5.4,5.5,5.5
1900-01-01 02:26:00,5.4,2,26,Normal,0.4999999999999999,0.8660254037844387,0.4067366430758,-0.913545457642601,5.26,5.4,5.3,5.1,5.1,5.4,5.5,5.5,5.6
1900-01-01 02:41:00,5.4,2,41,Normal,0.4999999999999999,0.8660254037844387,-0.9135454576426004,-0.4067366430758009,5.32,5.4,5.4,5.3,5.1,5.5,5.5,5.6,5.5
1900-01-01 02:56:00,5.5,2,56,Normal,0.4999999999999999,0.8660254037844387,-0.4067366430758001,0.913545457642601,5.4,5.4,5.4,5.4,5.3,5.5,5.6,5.5,5.7
1900-01-01 03:11:00,5.5,3,11,Normal,0.7071067811865475,0.7071067811865476,0.9135454576426008,0.4067366430758004,5.44,5.5,5.4,5.4,5.4,5.6,5.5,5.7,6.1
1900-01-01 03:26:00,5.6,3,26,Normal,0.7071067811865475,0.7071067811865476,0.4067366430758,-0.913545457642601,5.48,5.5,5.5,5.4,5.4,5.5,5.7,6.1,6.3
1900-01-01 03:41:00,5.5,3,41,Normal,0.7071067811865475,0.7071067811865476,-0.9135454576426004,-0.4067366430758009,5.5,5.6,5.5,5.5,5.4,5.7,6.1,6.3,6.5
1900-01-01 03:56:00,5.7,3,56,Normal,0.7071067811865475,0.7071067811865476,-0.4067366430758001,0.913545457642601,5.5600000000000005,5.5,5.6,5.5,5.5,6.1,6.3,6.5,6.5
1900-01-01 04:11:00,6.1,4,11,Normal,0.8660254037844386,0.5000000000000001,0.9135454576426008,0.4067366430758004,5.68,5.7,5.5,5.6,5.5,6.3,6.5,6.5,6.3
1900-01-01 04:26:00,6.3,4,26,Normal,0.8660254037844386,0.5000000000000001,0.4067366430758,-0.913545457642601,5.839999999999999,6.1,5.7,5.5,5.6,6.5,6.5,6.3,6.2
1900-01-01 04:41:00,6.5,4,41,Normal,0.8660254037844386,0.5000000000000001,-0.9135454576426004,-0.4067366430758009,6.0200000000000005,6.3,6.1,5.7,5.5,6.5,6.3,6.2,6.2
1900-01-01 04:56:00,6.5,4,56,Normal,0.8660254037844386,0.5000000000000001,-0.4067366430758001,0.913545457642601,6.220000000000001,6.5,6.3,6.1,5.7,6.3,6.2,6.2,6.3
1900-01-01 05:11:00,6.3,5,11,Normal,0.9659258262890684,0.2588190451025207,0.9135454576426008,0.4067366430758004,6.34,6.5,6.5,6.3,6.1,6.2,6.2,6.3,6.5
1900-01-01 05:26:00,6.2,5,26,Normal,0.9659258262890684,0.2588190451025207,0.4067366430758,-0.913545457642601,6.359999999999999,6.3,6.5,6.5,6.3,6.2,6.3,6.5,6.5
1900-01-01 05:41:00,6.2,5,41,Normal,0.9659258262890684,0.2588190451025207,-0.9135454576426004,-0.4067366430758009,6.340000000000001,6.2,6.3,6.5,6.5,6.3,6.5,6.5,6.3
1900-01-01 05:56:00,6.3,5,56,Normal,0.9659258262890684,0.2588190451025207,-0.4067366430758001,0.913545457642601,6.3,6.2,6.2,6.3,6.5,6.5,6.5,6.3,6.2
1900-01-01 06:11:00,6.5,6,11,Normal,1.0,6.123233995736766e-17,0.9135454576426008,0.4067366430758004,6.3,6.3,6.2,6.2,6.3,6.5,6.3,6.2,6.1
1900-01-01 06:26:00,6.5,6,26,Normal,1.0,6.123233995736766e-17,0.4067366430758,-0.913545457642601,6.340000000000001,6.5,6.3,6.2,6.2,6.3,6.2,6.1,6.0
1900-01-01 06:41:00,6.3,6,41,Normal,1.0,6.123233995736766e-17,-0.9135454576426004,-0.4067366430758009,6.359999999999999,6.5,6.5,6.3,6.2,6.2,6.1,6.0,5.9
1900-01-01 06:56:00,6.2,6,56,Normal,1.0,6.123233995736766e-17,-0.4067366430758001,0.913545457642601,6.359999999999999,6.3,6.5,6.5,6.3,6.1,6.0,5.9,5.8
1900-01-01 07:11:00,6.1,7,11,Normal,0.9659258262890684,-0.2588190451025206,0.9135454576426008,0.4067366430758004,6.32,6.2,6.3,6.5,6.5,6.0,5.9,5.8,5.8
1900-01-01 07:26:00,6.0,7,26,Normal,0.9659258262890684,-0.2588190451025206,0.4067366430758,-0.913545457642601,6.220000000000001,6.1,6.2,6.3,6.5,5.9,5.8,5.8,5.7
1900-01-01 07:41:00,5.9,7,41,Normal,0.9659258262890684,-0.2588190451025206,-0.9135454576426004,-0.4067366430758009,6.1,6.0,6.1,6.2,6.3,5.8,5.8,5.7,5.5
1900-01-01 07:56:00,5.8,7,56,Normal,0.9659258262890684,-0.2588190451025206,-0.4067366430758001,0.913545457642601,6.0,5.9,6.0,6.1,6.2,5.8,5.7,5.5,5.7
1900-01-01 08:11:00,5.8,8,11,Normal,0.8660254037844387,-0.4999999999999998,0.9135454576426008,0.4067366430758004,5.92,5.8,5.9,6.0,6.1,5.7,5.5,5.7,5.9
1900-01-01 08:26:00,5.7,8,26,Normal,0.8660254037844387,-0.4999999999999998,0.4067366430758,-0.913545457642601,5.84,5.8,5.8,5.9,6.0,5.5,5.7,5.9,5.8
1900-01-01 08:41:00,5.5,8,41,Normal,0.8660254037844387,-0.4999999999999998,-0.9135454576426004,-0.4067366430758009,5.74,5.7,5.8,5.8,5.9,5.7,5.9,5.8,5.6
1900-01-01 08:56:00,5.7,8,56,Normal,0.8660254037844387,-0.4999999999999998,-0.4067366430758001,0.913545457642601,5.7,5.5,5.7,5.8,5.8,5.9,5.8,5.6,5.3
1900-01-01 09:11:00,5.9,9,11,Normal,0.7071067811865476,-0.7071067811865475,0.9135454576426008,0.4067366430758004,5.720000000000001,5.7,5.5,5.7,5.8,5.8,5.6,5.3,5.1
1900-01-01 09:26:00,5.8,9,26,Normal,0.7071067811865476,-0.7071067811865475,0.4067366430758,-0.913545457642601,5.720000000000001,5.9,5.7,5.5,5.7,5.6,5.3,5.1,5.1
1900-01-01 09:41:00,5.6,9,41,Normal,0.7071067811865476,-0.7071067811865475,-0.9135454576426004,-0.4067366430758009,5.7,5.8,5.9,5.7,5.5,5.3,5.1,5.1,4.9
1900-01-01 09:56:00,5.3,9,56,Normal,0.7071067811865476,-0.7071067811865475,-0.4067366430758001,0.913545457642601,5.66,5.6,5.8,5.9,5.7,5.1,5.1,4.9,4.8
1900-01-01 10:11:00,5.1,10,11,Normal,0.4999999999999999,-0.8660254037844387,0.9135454576426008,0.4067366430758004,5.540000000000001,5.3,5.6,5.8,5.9,5.1,4.9,4.8,4.8
1900-01-01 10:26:00,5.1,10,26,Normal,0.4999999999999999,-0.8660254037844387,0.4067366430758,-0.913545457642601,5.38,5.1,5.3,5.6,5.8,4.9,4.8,4.8,4.8
1900-01-01 10:41:00,4.9,10,41,Low,0.4999999999999999,-0.8660254037844387,-0.9135454576426004,-0.4067366430758009,5.2,5.1,5.1,5.3,5.6,4.8,4.8,4.8,4.8
1900-01-01 10:56:00,4.8,10,56,Low,0.4999999999999999,-0.8660254037844387,-0.4067366430758001,0.913545457642601,5.04,4.9,5.1,5.1,5.3,4.8,4.8,4.8,6.2
1900-01-01 11:11:00,4.8,11,11,Low,0.258819045102521,-0.9659258262890682,0.9135454576426008,0.4067366430758004,4.94,4.8,4.9,5.1,5.1,4.8,4.8,6.2,9.6
1900-01-01 11:26:00,4.8,11,26,Low,0.258819045102521,-0.9659258262890682,0.4067366430758,-0.913545457642601,4.880000000000001,4.8,4.8,4.9,5.1,4.8,6.2,9.6,12.5
1900-01-01 11:41:00,4.8,11,41,Low,0.258819045102521,-0.9659258262890682,-0.9135454576426004,-0.4067366430758009,4.82,4.8,4.8,4.8,4.9,6.2,9.6,12.5,13.5
1900-01-01 11:56:00,6.2,11,56,Normal,0.258819045102521,-0.9659258262890682,-0.4067366430758001,0.913545457642601,5.08,4.8,4.8,4.8,4.8,9.6,12.5,13.5,13.7
1900-01-01 12:11:00,9.6,12,11,High,1.2246467991473532e-16,-1.0,0.9135454576426008,0.4067366430758004,6.04,6.2,4.8,4.8,4.8,12.5,13.5,13.7,14.2
1900-01-01 12:26:00,12.5,12,26,Very High,1.2246467991473532e-16,-1.0,0.4067366430758,-0.913545457642601,7.58,9.6,6.2,4.8,4.8,13.5,13.7,14.2,14.2
1900-01-01 12:41:00,13.5,12,41,Very High,1.2246467991473532e-16,-1.0,-0.9135454576426004,-0.4067366430758009,9.32,12.5,9.6,6.2,4.8,13.7,14.2,14.2,14.6
1900-01-01 12:56:00,13.7,12,56,Very High,1.2246467991473532e-16,-1.0,-0.4067366430758001,0.913545457642601,11.1,13.5,12.5,9.6,6.2,14.2,14.2,14.6,14.7
1900-01-01 13:11:00,14.2,13,11,Very High,-0.2588190451025208,-0.9659258262890684,0.9135454576426008,0.4067366430758004,12.7,13.7,13.5,12.5,9.6,14.2,14.6,14.7,13.9
1900-01-01 13:26:00,14.2,13,26,Very High,-0.2588190451025208,-0.9659258262890684,0.4067366430758,-0.913545457642601,13.62,14.2,13.7,13.5,12.5,14.6,14.7,13.9,13.2
1900-01-01 13:41:00,14.6,13,41,Very High,-0.2588190451025208,-0.9659258262890684,-0.9135454576426004,-0.4067366430758009,14.04,14.2,14.2,13.7,13.5,14.7,13.9,13.2,12.9
1900-01-01 13:56:00,14.7,13,56,Very High,-0.2588190451025208,-0.9659258262890684,-0.4067366430758001,0.913545457642601,14.279999999999998,14.6,14.2,14.2,13.7,13.9,13.2,12.9,12.2
1900-01-01 14:11:00,13.9,14,11,Very High,-0.4999999999999997,-0.8660254037844388,0.9135454576426008,0.4067366430758004,14.32,14.7,14.6,14.2,14.2,13.2,12.9,12.2,11.1
1900-01-01 14:26:00,13.2,14,26,Very High,-0.4999999999999997,-0.8660254037844388,0.4067366430758,-0.913545457642601,14.12,13.9,14.7,14.6,14.2,12.9,12.2,11.1,9.9
1900-01-01 14:41:00,12.9,14,41,Very High,-0.4999999999999997,-0.8660254037844388,-0.9135454576426004,-0.4067366430758009,13.86,13.2,13.9,14.7,14.6,12.2,11.1,9.9,8.8
1900-01-01 14:56:00,12.2,14,56,Very High,-0.4999999999999997,-0.8660254037844388,-0.4067366430758001,0.913545457642601,13.38,12.9,13.2,13.9,14.7,11.1,9.9,8.8,7.6
1900-01-01 15:11:00,11.1,15,11,Very High,-0.7071067811865471,-0.7071067811865479,0.9135454576426008,0.4067366430758004,12.66,12.2,12.9,13.2,13.9,9.9,8.8,7.6,7.2
1900-01-01 15:26:00,9.9,15,26,High,-0.7071067811865471,-0.7071067811865479,0.4067366430758,-0.913545457642601,11.86,11.1,12.2,12.9,13.2,8.8,7.6,7.2,7.7
1900-01-01 15:41:00,8.8,15,41,High,-0.7071067811865471,-0.7071067811865479,-0.9135454576426004,-0.4067366430758009,10.98,9.9,11.1,12.2,12.9,7.6,7.2,7.7,7.4
1900-01-01 15:56:00,7.6,15,56,Normal,-0.7071067811865471,-0.7071067811865479,-0.4067366430758001,0.913545457642601,9.919999999999998,8.8,9.9,11.1,12.2,7.2,7.7,7.4,6.6
1900-01-01 16:11:00,7.2,16,11,Normal,-0.8660254037844384,-0.5000000000000004,0.9135454576426008,0.4067366430758004,8.92,7.6,8.8,9.9,11.1,7.7,7.4,6.6,6.8
1900-01-01 16:26:00,7.7,16,26,Normal,-0.8660254037844384,-0.5000000000000004,0.4067366430758,-0.913545457642601,8.24,7.2,7.6,8.8,9.9,7.4,6.6,6.8,8.1
1900-01-01 16:41:00,7.4,16,41,Normal,-0.8660254037844384,-0.5000000000000004,-0.9135454576426004,-0.4067366430758009,7.74,7.7,7.2,7.6,8.8,6.6,6.8,8.1,9.7
1900-01-01 16:56:00,6.6,16,56,Normal,-0.8660254037844384,-0.5000000000000004,-0.4067366430758001,0.913545457642601,7.3,7.4,7.7,7.2,7.6,6.8,8.1,9.7,10.6
1900-01-01 17:11:00,6.8,17,11,Normal,-0.9659258262890684,-0.2588190451025206,0.9135454576426008,0.4067366430758004,7.140000000000001,6.6,7.4,7.7,7.2,8.1,9.7,10.6,10.3
1900-01-01 17:26:00,8.1,17,26,High,-0.9659258262890684,-0.2588190451025206,0.4067366430758,-0.913545457642601,7.32,6.8,6.6,7.4,7.7,9.7,10.6,10.3,10.2
1900-01-01 17:41:00,9.7,17,41,High,-0.9659258262890684,-0.2588190451025206,-0.9135454576426004,-0.4067366430758009,7.719999999999999,8.1,6.8,6.6,7.4,10.6,10.3,10.2,10.6
1900-01-01 17:56:00,10.6,17,56,Very High,-0.9659258262890684,-0.2588190451025206,-0.4067366430758001,0.913545457642601,8.36,9.7,8.1,6.8,6.6,10.3,10.2,10.6,10.8
1900-01-01 18:11:00,10.3,18,11,Very High,-1.0,-1.8369701987210294e-16,0.9135454576426008,0.4067366430758004,9.1,10.6,9.7,8.1,6.8,10.2,10.6,10.8,10.1
1900-01-01 18:26:00,10.2,18,26,Very High,-1.0,-1.8369701987210294e-16,0.4067366430758,-0.913545457642601,9.78,10.3,10.6,9.7,8.1,10.6,10.8,10.1,9.4
1900-01-01 18:41:00,10.6,18,41,Very High,-1.0,-1.8369701987210294e-16,-0.9135454576426004,-0.4067366430758009,10.28,10.2,10.3,10.6,9.7,10.8,10.1,9.4,9.7
1900-01-01 18:56:00,10.8,18,56,Very High,-1.0,-1.8369701987210294e-16,-0.4067366430758001,0.913545457642601,10.5,10.6,10.2,10.3,10.6,10.1,9.4,9.7,10.4
1900-01-01 19:11:00,10.1,19,11,Very High,-0.9659258262890684,0.2588190451025203,0.9135454576426008,0.4067366430758004,10.4,10.8,10.6,10.2,10.3,9.4,9.7,10.4,10.3
1900-01-01 19:26:00,9.4,19,26,High,-0.9659258262890684,0.2588190451025203,0.4067366430758,-0.913545457642601,10.22,10.1,10.8,10.6,10.2,9.7,10.4,10.3,10.2
1900-01-01 19:41:00,9.7,19,41,High,-0.9659258262890684,0.2588190451025203,-0.9135454576426004,-0.4067366430758009,10.12,9.4,10.1,10.8,10.6,10.4,10.3,10.2,10.3
1900-01-01 19:56:00,10.4,19,56,Very High,-0.9659258262890684,0.2588190451025203,-0.4067366430758001,0.913545457642601,10.08,9.7,9.4,10.1,10.8,10.3,10.2,10.3,9.7
1900-01-01 20:11:00,10.3,20,11,Very High,-0.8660254037844386,0.5000000000000001,0.9135454576426008,0.4067366430758004,9.98,10.4,9.7,9.4,10.1,10.2,10.3,9.7,9.3
1900-01-01 20:26:00,10.2,20,26,Very High,-0.8660254037844386,0.5000000000000001,0.4067366430758,-0.913545457642601,10.0,10.3,10.4,9.7,9.4,10.3,9.7,9.3,9.1
1900-01-01 20:41:00,10.3,20,41,Very High,-0.8660254037844386,0.5000000000000001,-0.9135454576426004,-0.4067366430758009,10.18,10.2,10.3,10.4,9.7,9.7,9.3,9.1,9.3
1900-01-01 20:56:00,9.7,20,56,High,-0.8660254037844386,0.5000000000000001,-0.4067366430758001,0.913545457642601,10.18,10.3,10.2,10.3,10.4,9.3,9.1,9.3,9.4
1900-01-01 21:11:00,9.3,21,11,High,-0.7071067811865477,0.7071067811865474,0.9135454576426008,0.4067366430758004,9.96,9.7,10.3,10.2,10.3,9.1,9.3,9.4,9.2
1900-01-01 21:26:00,9.1,21,26,High,-0.7071067811865477,0.7071067811865474,0.4067366430758,-0.913545457642601,9.72,9.3,9.7,10.3,10.2,9.3,9.4,9.2,8.8
1900-01-01 21:41:00,9.3,21,41,High,-0.7071067811865477,0.7071067811865474,-0.9135454576426004,-0.4067366430758009,9.54,9.1,9.3,9.7,10.3,9.4,9.2,8.8,8.6
1900-01-01 21:56:00,9.4,21,56,High,-0.7071067811865477,0.7071067811865474,-0.4067366430758001,0.913545457642601,9.36,9.3,9.1,9.3,9.7,9.2,8.8,8.6,8.4
1900-01-01 22:11:00,9.2,22,11,High,-0.5000000000000004,0.8660254037844384,0.9135454576426008,0.4067366430758004,9.260000000000002,9.4,9.3,9.1,9.3,8.8,8.6,8.4,8.3
1900-01-01 22:26:00,8.8,22,26,High,-0.5000000000000004,0.8660254037844384,0.4067366430758,-0.913545457642601,9.16,9.2,9.4,9.3,9.1,8.6,8.4,8.3,8.3
1900-01-01 22:41:00,8.6,22,41,High,-0.5000000000000004,0.8660254037844384,-0.9135454576426004,-0.4067366430758009,9.06,8.8,9.2,9.4,9.3,8.4,8.3,8.3,8.3
1900-01-01 22:56:00,8.4,22,56,High,-0.5000000000000004,0.8660254037844384,-0.4067366430758001,0.913545457642601,8.879999999999999,8.6,8.8,9.2,9.4,8.3,8.3,8.3,8.2
1900-01-01 23:11:00,8.3,23,11,High,-0.2588190451025215,0.965925826289068,0.9135454576426008,0.4067366430758004,8.66,8.4,8.6,8.8,9.2,8.3,8.3,8.2,8.0
1900-01-01 23:26:00,8.3,23,26,High,-0.2588190451025215,0.965925826289068,0.4067366430758,-0.913545457642601,8.48,8.3,8.4,8.6,8.8,8.3,8.2,8.0,7.7
1900-01-01 23:41:00,8.3,23,41,High,-0.2588190451025215,0.965925826289068,-0.9135454576426004,-0.4067366430758009,8.38,8.3,8.3,8.4,8.6,8.2,8.0,7.7,7.3
1900-01-01 23:56:00,8.2,23,56,High,-0.2588190451025215,0.965925826289068,-0.4067366430758001,0.913545457642601,8.3,8.3,8.3,8.3,8.4,8.0,7.7,7.3,6.9
1900-01-01 00:11:00,8.0,0,11,Normal,0.0,1.0,0.9135454576426008,0.4067366430758004,8.22,8.2,8.3,8.3,8.3,7.7,7.3,6.9,6.6
1900-01-01 00:26:00,7.7,0,26,Normal,0.0,1.0,0.4067366430758,-0.913545457642601,8.1,8.0,8.2,8.3,8.3,7.3,6.9,6.6,6.1
1900-01-01 00:41:00,7.3,0,41,Normal,0.0,1.0,-0.9135454576426004,-0.4067366430758009,7.9,7.7,8.0,8.2,8.3,6.9,6.6,6.1,5.6
1900-01-01 00:56:00,6.9,0,56,Normal,0.0,1.0,-0.4067366430758001,0.913545457642601,7.619999999999999,7.3,7.7,8.0,8.2,6.6,6.1,5.6,5.3
1900-01-01 01:11:00,6.6,1,11,Normal,0.2588190451025207,0.9659258262890684,0.9135454576426008,0.4067366430758004,7.3,6.9,7.3,7.7,8.0,6.1,5.6,5.3,5.2
1900-01-01 01:26:00,6.1,1,26,Normal,0.2588190451025207,0.9659258262890684,0.4067366430758,-0.913545457642601,6.92,6.6,6.9,7.3,7.7,5.6,5.3,5.2,5.1
1900-01-01 01:41:00,5.6,1,41,Normal,0.2588190451025207,0.9659258262890684,-0.9135454576426004,-0.4067366430758009,6.5,6.1,6.6,6.9,7.3,5.3,5.2,5.1,4.9
1900-01-01 01:56:00,5.3,1,56,Normal,0.2588190451025207,0.9659258262890684,-0.4067366430758001,0.913545457642601,6.1,5.6,6.1,6.6,6.9,5.2,5.1,4.9,4.8
1900-01-01 02:11:00,5.2,2,11,Normal,0.4999999999999999,0.8660254037844387,0.9135454576426008,0.4067366430758004,5.76,5.3,5.6,6.1,6.6,5.1,4.9,4.8,4.7
1900-01-01 02:26:00,5.1,2,26,Normal,0.4999999999999999,0.8660254037844387,0.4067366430758,-0.913545457642601,5.459999999999999,5.2,5.3,5.6,6.1,4.9,4.8,4.7,4.6
1900-01-01 02:41:00,4.9,2,41,Low,0.4999999999999999,0.8660254037844387,-0.9135454576426004,-0.4067366430758009,5.220000000000001,5.1,5.2,5.3,5.6,4.8,4.7,4.6,4.2
1900-01-01 02:56:00,4.8,2,56,Low,0.4999999999999999,0.8660254037844387,-0.4067366430758001,0.913545457642601,5.06,4.9,5.1,5.2,5.3,4.7,4.6,4.2,4.1
1900-01-01 03:11:00,4.7,3,11,Low,0.7071067811865475,0.7071067811865476,0.9135454576426008,0.4067366430758004,4.94,4.8,4.9,5.1,5.2,4.6,4.2,4.1,4.6
1900-01-01 03:26:00,4.6,3,26,Low,0.7071067811865475,0.7071067811865476,0.4067366430758,-0.913545457642601,4.819999999999999,4.7,4.8,4.9,5.1,4.2,4.1,4.6,4.7
1900-01-01 03:41:00,4.2,3,41,Low,0.7071067811865475,0.7071067811865476,-0.9135454576426004,-0.4067366430758009,4.64,4.6,4.7,4.8,4.9,4.1,4.6,4.7,4.7
1900-01-01 03:56:00,4.1,3,56,Low,0.7071067811865475,0.7071067811865476,-0.4067366430758001,0.913545457642601,4.48,4.2,4.6,4.7,4.8,4.6,4.7,4.7,4.7
1900-01-01 04:11:00,4.6,4,11,Low,0.8660254037844386,0.5000000000000001,0.9135454576426008,0.4067366430758004,4.44,4.1,4.2,4.6,4.7,4.7,4.7,4.7,4.7
1900-01-01 04:26:00,4.7,4,26,Low,0.8660254037844386,0.5000000000000001,0.4067366430758,-0.913545457642601,4.44,4.6,4.1,4.2,4.6,4.7,4.7,4.7,4.7
1900-01-01 04:41:00,4.7,4,41,Low,0.8660254037844386,0.5000000000000001,-0.9135454576426004,-0.4067366430758009,4.46,4.7,4.6,4.1,4.2,4.7,4.7,4.7,4.9
1900-01-01 04:56:00,4.7,4,56,Low,0.8660254037844386,0.5000000000000001,-0.4067366430758001,0.913545457642601,4.5600000000000005,4.7,4.7,4.6,4.1,4.7,4.7,4.9,5.1
1900-01-01 05:11:00,4.7,5,11,Low,0.9659258262890684,0.2588190451025207,0.9135454576426008,0.4067366430758004,4.68,4.7,4.7,4.7,4.6,4.7,4.9,5.1,5.2
1900-01-01 05:26:00,4.7,5,26,Low,0.9659258262890684,0.2588190451025207,0.4067366430758,-0.913545457642601,4.7,4.7,4.7,4.7,4.7,4.9,5.1,5.2,4.9
1900-01-01 05:41:00,4.9,5,41,Low,0.9659258262890684,0.2588190451025207,-0.9135454576426004,-0.4067366430758009,4.74,4.7,4.7,4.7,4.7,5.1,5.2,4.9,4.9
1900-01-01 05:56:00,5.1,5,56,Normal,0.9659258262890684,0.2588190451025207,-0.4067366430758001,0.913545457642601,4.82,4.9,4.7,4.7,4.7,5.2,4.9,4.9,5.2
1900-01-01 06:11:00,5.2,6,11,Normal,1.0,6.123233995736766e-17,0.9135454576426008,0.4067366430758004,4.92,5.1,4.9,4.7,4.7,4.9,4.9,5.2,5.6
1900-01-01 06:26:00,4.9,6,26,Low,1.0,6.123233995736766e-17,0.4067366430758,-0.913545457642601,4.96,5.2,5.1,4.9,4.7,4.9,5.2,5.6,6.6
1900-01-01 06:41:00,4.9,6,41,Low,1.0,6.123233995736766e-17,-0.9135454576426004,-0.4067366430758009,5.000000000000001,4.9,5.2,5.1,4.9,5.2,5.6,6.6,9.2
1900-01-01 06:56:00,5.2,6,56,Normal,1.0,6.123233995736766e-17,-0.4067366430758001,0.913545457642601,5.0600000000000005,4.9,4.9,5.2,5.1,5.6,6.6,9.2,12.1
1900-01-01 07:11:00,5.6,7,11,Normal,0.9659258262890684,-0.2588190451025206,0.9135454576426008,0.4067366430758004,5.160000000000001,5.2,4.9,4.9,5.2,6.6,9.2,12.1,12.4
1900-01-01 07:26:00,6.6,7,26,Normal,0.9659258262890684,-0.2588190451025206,0.4067366430758,-0.913545457642601,5.44,5.6,5.2,4.9,4.9,9.2,12.1,12.4,10.7
1900-01-01 07:41:00,9.2,7,41,High,0.9659258262890684,-0.2588190451025206,-0.9135454576426004,-0.4067366430758009,6.3,6.6,5.6,5.2,4.9,12.1,12.4,10.7,9.9
1900-01-01 07:56:00,12.1,7,56,Very High,0.9659258262890684,-0.2588190451025206,-0.4067366430758001,0.913545457642601,7.739999999999999,9.2,6.6,5.6,5.2,12.4,10.7,9.9,10.7
1900-01-01 08:11:00,12.4,8,11,Very High,0.8660254037844387,-0.4999999999999998,0.9135454576426008,0.4067366430758004,9.18,12.1,9.2,6.6,5.6,10.7,9.9,10.7,11.5
1900-01-01 08:26:00,10.7,8,26,Very High,0.8660254037844387,-0.4999999999999998,0.4067366430758,-0.913545457642601,10.2,12.4,12.1,9.2,6.6,9.9,10.7,11.5,11.1
1900-01-01 08:41:00,9.9,8,41,High,0.8660254037844387,-0.4999999999999998,-0.9135454576426004,-0.4067366430758009,10.86,10.7,12.4,12.1,9.2,10.7,11.5,11.1,10.9
1900-01-01 08:56:00,10.7,8,56,Very High,0.8660254037844387,-0.4999999999999998,-0.4067366430758001,0.913545457642601,11.16,9.9,10.7,12.4,12.1,11.5,11.1,10.9,11.1
1900-01-01 09:11:00,11.5,9,11,Very High,0.7071067811865476,-0.7071067811865475,0.9135454576426008,0.4067366430758004,11.04,10.7,9.9,10.7,12.4,11.1,10.9,11.1,10.7
1900-01-01 09:26:00,11.1,9,26,Very High,0.7071067811865476,-0.7071067811865475,0.4067366430758,-0.913545457642601,10.779999999999998,11.5,10.7,9.9,10.7,10.9,11.1,10.7,9.6
1900-01-01 09:41:00,10.9,9,41,Very High,0.7071067811865476,-0.7071067811865475,-0.9135454576426004,-0.4067366430758009,10.82,11.1,11.5,10.7,9.9,11.1,10.7,9.6,7.8
1900-01-01 09:56:00,11.1,9,56,Very High,0.7071067811865476,-0.7071067811865475,-0.4067366430758001,0.913545457642601,11.06,10.9,11.1,11.5,10.7,10.7,9.6,7.8,6.3
1900-01-01 10:11:00,10.7,10,11,Very High,0.4999999999999999,-0.8660254037844387,0.9135454576426008,0.4067366430758004,11.06,11.1,10.9,11.1,11.5,9.6,7.8,6.3,5.6
1900-01-01 10:26:00,9.6,10,26,High,0.4999999999999999,-0.8660254037844387,0.4067366430758,-0.913545457642601,10.68,10.7,11.1,10.9,11.1,7.8,6.3,5.6,5.2
1900-01-01 10:41:00,7.8,10,41,Normal,0.4999999999999999,-0.8660254037844387,-0.9135454576426004,-0.4067366430758009,10.02,9.6,10.7,11.1,10.9,6.3,5.6,5.2,5.5
1900-01-01 10:56:00,6.3,10,56,Normal,0.4999999999999999,-0.8660254037844387,-0.4067366430758001,0.913545457642601,9.1,7.8,9.6,10.7,11.1,5.6,5.2,5.5,6.9
1900-01-01 11:11:00,5.6,11,11,Normal,0.258819045102521,-0.9659258262890682,0.9135454576426008,0.4067366430758004,8.0,6.3,7.8,9.6,10.7,5.2,5.5,6.9,8.2
1900-01-01 11:26:00,5.2,11,26,Normal,0.258819045102521,-0.9659258262890682,0.4067366430758,-0.913545457642601,6.9,5.6,6.3,7.8,9.6,5.5,6.9,8.2,8.4
1900-01-01 11:41:00,5.5,11,41,Normal,0.258819045102521,-0.9659258262890682,-0.9135454576426004,-0.4067366430758009,6.08,5.2,5.6,6.3,7.8,6.9,8.2,8.4,8.4
1900-01-01 11:56:00,6.9,11,56,Normal,0.258819045102521,-0.9659258262890682,-0.4067366430758001,0.913545457642601,5.9,5.5,5.2,5.6,6.3,8.2,8.4,8.4,8.0
1900-01-01 12:11:00,8.2,12,11,High,1.2246467991473532e-16,-1.0,0.9135454576426008,0.4067366430758004,6.279999999999999,6.9,5.5,5.2,5.6,8.4,8.4,8.0,7.4
1900-01-01 12:26:00,8.4,12,26,High,1.2246467991473532e-16,-1.0,0.4067366430758,-0.913545457642601,6.839999999999999,8.2,6.9,5.5,5.2,8.4,8.0,7.4,7.3
1900-01-01 12:41:00,8.4,12,41,High,1.2246467991473532e-16,-1.0,-0.9135454576426004,-0.4067366430758009,7.479999999999999,8.4,8.2,6.9,5.5,8.0,7.4,7.3,7.3
1900-01-01 12:56:00,8.0,12,56,Normal,1.2246467991473532e-16,-1.0,-0.4067366430758001,0.913545457642601,7.979999999999999,8.4,8.4,8.2,6.9,7.4,7.3,7.3,7.3
1900-01-01 13:11:00,7.4,13,11,Normal,-0.2588190451025208,-0.9659258262890684,0.9135454576426008,0.4067366430758004,8.08,8.0,8.4,8.4,8.2,7.3,7.3,7.3,7.1
1900-01-01 13:26:00,7.3,13,26,Normal,-0.2588190451025208,-0.9659258262890684,0.4067366430758,-0.913545457642601,7.900000000000001,7.4,8.0,8.4,8.4,7.3,7.3,7.1,6.7
1900-01-01 13:41:00,7.3,13,41,Normal,-0.2588190451025208,-0.9659258262890684,-0.9135454576426004,-0.4067366430758009,7.68,7.3,7.4,8.0,8.4,7.3,7.1,6.7,6.3
1900-01-01 13:56:00,7.3,13,56,Normal,-0.2588190451025208,-0.9659258262890684,-0.4067366430758001,0.913545457642601,7.459999999999999,7.3,7.3,7.4,8.0,7.1,6.7,6.3,6.1
1900-01-01 14:11:00,7.1,14,11,Normal,-0.4999999999999997,-0.8660254037844388,0.9135454576426008,0.4067366430758004,7.279999999999999,7.3,7.3,7.3,7.4,6.7,6.3,6.1,6.3
1900-01-01 14:26:00,6.7,14,26,Normal,-0.4999999999999997,-0.8660254037844388,0.4067366430758,-0.913545457642601,7.140000000000001,7.1,7.3,7.3,7.3,6.3,6.1,6.3,6.2
1900-01-01 14:41:00,6.3,14,41,Normal,-0.4999999999999997,-0.8660254037844388,-0.9135454576426004,-0.4067366430758009,6.94,6.7,7.1,7.3,7.3,6.1,6.3,6.2,5.8
1900-01-01 14:56:00,6.1,14,56,Normal,-0.4999999999999997,-0.8660254037844388,-0.4067366430758001,0.913545457642601,6.7,6.3,6.7,7.1,7.3,6.3,6.2,5.8,5.7
1900-01-01 15:11:00,6.3,15,11,Normal,-0.7071067811865471,-0.7071067811865479,0.9135454576426008,0.4067366430758004,6.5,6.1,6.3,6.7,7.1,6.2,5.8,5.7,5.6
1900-01-01 15:26:00,6.2,15,26,Normal,-0.7071067811865471,-0.7071067811865479,0.4067366430758,-0.913545457642601,6.32,6.3,6.1,6.3,6.7,5.8,5.7,5.6,5.5
1900-01-01 15:41:00,5.8,15,41,Normal,-0.7071067811865471,-0.7071067811865479,-0.9135454576426004,-0.4067366430758009,6.139999999999999,6.2,6.3,6.1,6.3,5.7,5.6,5.5,5.5
1900-01-01 15:56:00,5.7,15,56,Normal,-0.7071067811865471,-0.7071067811865479,-0.4067366430758001,0.913545457642601,6.0200000000000005,5.8,6.2,6.3,6.1,5.6,5.5,5.5,5.5
1900-01-01 16:11:00,5.6,16,11,Normal,-0.8660254037844384,-0.5000000000000004,0.9135454576426008,0.4067366430758004,5.92,5.7,5.8,6.2,6.3,5.5,5.5,5.5,5.8
1900-01-01 16:26:00,5.5,16,26,Normal,-0.8660254037844384,-0.5000000000000004,0.4067366430758,-0.913545457642601,5.76,5.6,5.7,5.8,6.2,5.5,5.5,5.8,7.0
1900-01-01 16:41:00,5.5,16,41,Normal,-0.8660254037844384,-0.5000000000000004,-0.9135454576426004,-0.4067366430758009,5.619999999999999,5.5,5.6,5.7,5.8,5.5,5.8,7.0,8.9
1900-01-01 16:56:00,5.5,16,56,Normal,-0.8660254037844384,-0.5000000000000004,-0.4067366430758001,0.913545457642601,5.56,5.5,5.5,5.6,5.7,5.8,7.0,8.9,10.4
1900-01-01 17:11:00,5.8,17,11,Normal,-0.9659258262890684,-0.2588190451025206,0.9135454576426008,0.4067366430758004,5.58,5.5,5.5,5.5,5.6,7.0,8.9,10.4,10.9
1900-01-01 17:26:00,7.0,17,26,Normal,-0.9659258262890684,-0.2588190451025206,0.4067366430758,-0.913545457642601,5.86,5.8,5.5,5.5,5.5,8.9,10.4,10.9,11.6
1900-01-01 17:41:00,8.9,17,41,High,-0.9659258262890684,-0.2588190451025206,-0.9135454576426004,-0.4067366430758009,6.540000000000001,7.0,5.8,5.5,5.5,10.4,10.9,11.6,12.3
1900-01-01 17:56:00,10.4,17,56,Very High,-0.9659258262890684,-0.2588190451025206,-0.4067366430758001,0.913545457642601,7.52,8.9,7.0,5.8,5.5,10.9,11.6,12.3,12.4
1900-01-01 18:11:00,10.9,18,11,Very High,-1.0,-1.8369701987210294e-16,0.9135454576426008,0.4067366430758004,8.6,10.4,8.9,7.0,5.8,11.6,12.3,12.4,11.9
1900-01-01 18:26:00,11.6,18,26,Very High,-1.0,-1.8369701987210294e-16,0.4067366430758,-0.913545457642601,9.760000000000002,10.9,10.4,8.9,7.0,12.3,12.4,11.9,11.3
1900-01-01 18:41:00,12.3,18,41,Very High,-1.0,-1.8369701987210294e-16,-0.9135454576426004,-0.4067366430758009,10.82,11.6,10.9,10.4,8.9,12.4,11.9,11.3,11.0
1900-01-01 18:56:00,12.4,18,56,Very High,-1.0,-1.8369701987210294e-16,-0.4067366430758001,0.913545457642601,11.52,12.3,11.6,10.9,10.4,11.9,11.3,11.0,11.4
1900-01-01 19:11:00,11.9,19,11,Very High,-0.9659258262890684,0.2588190451025203,0.9135454576426008,0.4067366430758004,11.82,12.4,12.3,11.6,10.9,11.3,11.0,11.4,11.6
1900-01-01 19:26:00,11.3,19,26,Very High,-0.9659258262890684,0.2588190451025203,0.4067366430758,-0.913545457642601,11.9,11.9,12.4,12.3,11.6,11.0,11.4,11.6,11.1
1900-01-01 19:41:00,11.0,19,41,Very High,-0.9659258262890684,0.2588190451025203,-0.9135454576426004,-0.4067366430758009,11.78,11.3,11.9,12.4,12.3,11.4,11.6,11.1,10.4
1900-01-01 19:56:00,11.4,19,56,Very High,-0.9659258262890684,0.2588190451025203,-0.4067366430758001,0.913545457642601,11.6,11.0,11.3,11.9,12.4,11.6,11.1,10.4,9.9
1900-01-01 20:11:00,11.6,20,11,Very High,-0.8660254037844386,0.5000000000000001,0.9135454576426008,0.4067366430758004,11.44,11.4,11.0,11.3,11.9,11.1,10.4,9.9,9.4
1900-01-01 20:26:00,11.1,20,26,Very High,-0.8660254037844386,0.5000000000000001,0.4067366430758,-0.913545457642601,11.28,11.6,11.4,11.0,11.3,10.4,9.9,9.4,8.7
1900-01-01 20:41:00,10.4,20,41,Very High,-0.8660254037844386,0.5000000000000001,-0.9135454576426004,-0.4067366430758009,11.1,11.1,11.6,11.4,11.0,9.9,9.4,8.7,7.9
1900-01-01 20:56:00,9.9,20,56,High,-0.8660254037844386,0.5000000000000001,-0.4067366430758001,0.913545457642601,10.88,10.4,11.1,11.6,11.4,9.4,8.7,7.9,7.7
1900-01-01 21:11:00,9.4,21,11,High,-0.7071067811865477,0.7071067811865474,0.9135454576426008,0.4067366430758004,10.48,9.9,10.4,11.1,11.6,8.7,7.9,7.7,7.8
1900-01-01 21:26:00,8.7,21,26,High,-0.7071067811865477,0.7071067811865474,0.4067366430758,-0.913545457642601,9.9,9.4,9.9,10.4,11.1,7.9,7.7,7.8,8.0
1900-01-01 21:41:00,7.9,21,41,Normal,-0.7071067811865477,0.7071067811865474,-0.9135454576426004,-0.4067366430758009,9.260000000000002,8.7,9.4,9.9,10.4,7.7,7.8,8.0,8.6
1900-01-01 21:56:00,7.7,21,56,Normal,-0.7071067811865477,0.7071067811865474,-0.4067366430758001,0.913545457642601,8.72,7.9,8.7,9.4,9.9,7.8,8.0,8.6,9.5
1900-01-01 22:11:00,7.8,22,11,Normal,-0.5000000000000004,0.8660254037844384,0.9135454576426008,0.4067366430758004,8.3,7.7,7.9,8.7,9.4,8.0,8.6,9.5,9.9
1900-01-01 22:26:00,8.0,22,26,Normal,-0.5000000000000004,0.8660254037844384,0.4067366430758,-0.913545457642601,8.02,7.8,7.7,7.9,8.7,8.6,9.5,9.9,9.3
1900-01-01 22:41:00,8.6,22,41,High,-0.5000000000000004,0.8660254037844384,-0.9135454576426004,-0.4067366430758009,8.0,8.0,7.8,7.7,7.9,9.5,9.9,9.3,8.4
1900-01-01 22:56:00,9.5,22,56,High,-0.5000000000000004,0.8660254037844384,-0.4067366430758001,0.913545457642601,8.32,8.6,8.0,7.8,7.7,9.9,9.3,8.4,7.9
1900-01-01 23:11:00,9.9,23,11,High,-0.2588190451025215,0.965925826289068,0.9135454576426008,0.4067366430758004,8.76,9.5,8.6,8.0,7.8,9.3,8.4,7.9,7.6
1900-01-01 23:26:00,9.3,23,26,High,-0.2588190451025215,0.965925826289068,0.4067366430758,-0.913545457642601,9.06,9.9,9.5,8.6,8.0,8.4,7.9,7.6,7.6
1900-01-01 23:41:00,8.4,23,41,High,-0.2588190451025215,0.965925826289068,-0.9135454576426004,-0.4067366430758009,9.14,9.3,9.9,9.5,8.6,7.9,7.6,7.6,7.2
1900-01-01 23:56:00,7.9,23,56,Normal,-0.2588190451025215,0.965925826289068,-0.4067366430758001,0.913545457642601,9.0,8.4,9.3,9.9,9.5,7.6,7.6,7.2,6.5
1900-01-01 00:11:00,7.6,0,11,Normal,0.0,1.0,0.9135454576426008,0.4067366430758004,8.620000000000001,7.9,8.4,9.3,9.9,7.6,7.2,6.5,6.2
1900-01-01 00:26:00,7.6,0,26,Normal,0.0,1.0,0.4067366430758,-0.913545457642601,8.16,7.6,7.9,8.4,9.3,7.2,6.5,6.2,6.1
1900-01-01 00:41:00,7.2,0,41,Normal,0.0,1.0,-0.9135454576426004,-0.4067366430758009,7.739999999999999,7.6,7.6,7.9,8.4,6.5,6.2,6.1,6.2
1900-01-01 00:56:00,6.5,0,56,Normal,0.0,1.0,-0.4067366430758001,0.913545457642601,7.359999999999999,7.2,7.6,7.6,7.9,6.2,6.1,6.2,5.9
1900-01-01 01:11:00,6.2,1,11,Normal,0.2588190451025207,0.9659258262890684,0.9135454576426008,0.4067366430758004,7.0200000000000005,6.5,7.2,7.6,7.6,6.1,6.2,5.9,5.4
1900-01-01 01:26:00,6.1,1,26,Normal,0.2588190451025207,0.9659258262890684,0.4067366430758,-0.913545457642601,6.720000000000001,6.2,6.5,7.2,7.6,6.2,5.9,5.4,5.1
1900-01-01 01:41:00,6.2,1,41,Normal,0.2588190451025207,0.9659258262890684,-0.9135454576426004,-0.4067366430758009,6.44,6.1,6.2,6.5,7.2,5.9,5.4,5.1,5.2
1900-01-01 01:56:00,5.9,1,56,Normal,0.2588190451025207,0.9659258262890684,-0.4067366430758001,0.913545457642601,6.18,6.2,6.1,6.2,6.5,5.4,5.1,5.2,5.4
1900-01-01 02:11:00,5.4,2,11,Normal,0.4999999999999999,0.8660254037844387,0.9135454576426008,0.4067366430758004,5.96,5.9,6.2,6.1,6.2,5.1,5.2,5.4,5.4
1900-01-01 02:26:00,5.1,2,26,Normal,0.4999999999999999,0.8660254037844387,0.4067366430758,-0.913545457642601,5.74,5.4,5.9,6.2,6.1,5.2,5.4,5.4,5.1
1900-01-01 02:41:00,5.2,2,41,Normal,0.4999999999999999,0.8660254037844387,-0.9135454576426004,-0.4067366430758009,5.5600000000000005,5.1,5.4,5.9,6.2,5.4,5.4,5.1,4.9
1900-01-01 02:56:00,5.4,2,56,Normal,0.4999999999999999,0.8660254037844387,-0.4067366430758001,0.913545457642601,5.4,5.2,5.1,5.4,5.9,5.4,5.1,4.9,4.9
1900-01-01 03:11:00,5.4,3,11,Normal,0.7071067811865475,0.7071067811865476,0.9135454576426008,0.4067366430758004,5.3,5.4,5.2,5.1,5.4,5.1,4.9,4.9,5.1
1900-01-01 03:26:00,5.1,3,26,Normal,0.7071067811865475,0.7071067811865476,0.4067366430758,-0.913545457642601,5.24,5.4,5.4,5.2,5.1,4.9,4.9,5.1,5.4
1900-01-01 03:41:00,4.9,3,41,Low,0.7071067811865475,0.7071067811865476,-0.9135454576426004,-0.4067366430758009,5.2,5.1,5.4,5.4,5.2,4.9,5.1,5.4,5.4
1900-01-01 03:56:00,4.9,3,56,Low,0.7071067811865475,0.7071067811865476,-0.4067366430758001,0.913545457642601,5.14,4.9,5.1,5.4,5.4,5.1,5.4,5.4,5.4
1900-01-01 04:11:00,5.1,4,11,Normal,0.8660254037844386,0.5000000000000001,0.9135454576426008,0.4067366430758004,5.08,4.9,4.9,5.1,5.4,5.4,5.4,5.4,5.4
1900-01-01 04:26:00,5.4,4,26,Normal,0.8660254037844386,0.5000000000000001,0.4067366430758,-0.913545457642601,5.08,5.1,4.9,4.9,5.1,5.4,5.4,5.4,5.6
1900-01-01 04:41:00,5.4,4,41,Normal,0.8660254037844386,0.5000000000000001,-0.9135454576426004,-0.4067366430758009,5.140000000000001,5.4,5.1,4.9,4.9,5.4,5.4,5.6,5.6
1900-01-01 04:56:00,5.4,4,56,Normal,0.8660254037844386,0.5000000000000001,-0.4067366430758001,0.913545457642601,5.24,5.4,5.4,5.1,4.9,5.4,5.6,5.6,5.4
1900-01-01 05:11:00,5.4,5,11,Normal,0.9659258262890684,0.2588190451025207,0.9135454576426008,0.4067366430758004,5.340000000000001,5.4,5.4,5.4,5.1,5.6,5.6,5.4,5.6
1900-01-01 05:26:00,5.6,5,26,Normal,0.9659258262890684,0.2588190451025207,0.4067366430758,-0.913545457642601,5.44,5.4,5.4,5.4,5.4,5.6,5.4,5.6,5.8
1900-01-01 05:41:00,5.6,5,41,Normal,0.9659258262890684,0.2588190451025207,-0.9135454576426004,-0.4067366430758009,5.48,5.6,5.4,5.4,5.4,5.4,5.6,5.8,5.8
1900-01-01 05:56:00,5.4,5,56,Normal,0.9659258262890684,0.2588190451025207,-0.4067366430758001,0.913545457642601,5.48,5.6,5.6,5.4,5.4,5.6,5.8,5.8,6.0
1900-01-01 06:11:00,5.6,6,11,Normal,1.0,6.123233995736766e-17,0.9135454576426008,0.4067366430758004,5.5200000000000005,5.4,5.6,5.6,5.4,5.8,5.8,6.0,6.1
1900-01-01 06:26:00,5.8,6,26,Normal,1.0,6.123233995736766e-17,0.4067366430758,-0.913545457642601,5.6,5.6,5.4,5.6,5.6,5.8,6.0,6.1,6.2
1900-01-01 06:41:00,5.8,6,41,Normal,1.0,6.123233995736766e-17,-0.9135454576426004,-0.4067366430758009,5.64,5.8,5.6,5.4,5.6,6.0,6.1,6.2,6.9
1900-01-01 06:56:00,6.0,6,56,Normal,1.0,6.123233995736766e-17,-0.4067366430758001,0.913545457642601,5.720000000000001,5.8,5.8,5.6,5.4,6.1,6.2,6.9,8.5
1900-01-01 07:11:00,6.1,7,11,Normal,0.9659258262890684,-0.2588190451025206,0.9135454576426008,0.4067366430758004,5.859999999999999,6.0,5.8,5.8,5.6,6.2,6.9,8.5,9.7
1900-01-01 07:26:00,6.2,7,26,Normal,0.9659258262890684,-0.2588190451025206,0.4067366430758,-0.913545457642601,5.98,6.1,6.0,5.8,5.8,6.9,8.5,9.7,10.6
1900-01-01 07:41:00,6.9,7,41,Normal,0.9659258262890684,-0.2588190451025206,-0.9135454576426004,-0.4067366430758009,6.2,6.2,6.1,6.0,5.8,8.5,9.7,10.6,11.6
1900-01-01 07:56:00,8.5,7,56,High,0.9659258262890684,-0.2588190451025206,-0.4067366430758001,0.913545457642601,6.74,6.9,6.2,6.1,6.0,9.7,10.6,11.6,12.6
1900-01-01 08:11:00,9.7,8,11,High,0.8660254037844387,-0.4999999999999998,0.9135454576426008,0.4067366430758004,7.479999999999999,8.5,6.9,6.2,6.1,10.6,11.6,12.6,13.1
1900-01-01 08:26:00,10.6,8,26,Very High,0.8660254037844387,-0.4999999999999998,0.4067366430758,-0.913545457642601,8.379999999999999,9.7,8.5,6.9,6.2,11.6,12.6,13.1,12.6
1900-01-01 08:41:00,11.6,8,41,Very High,0.8660254037844387,-0.4999999999999998,-0.9135454576426004,-0.4067366430758009,9.46,10.6,9.7,8.5,6.9,12.6,13.1,12.6,11.8
1900-01-01 08:56:00,12.6,8,56,Very High,0.8660254037844387,-0.4999999999999998,-0.4067366430758001,0.913545457642601,10.599999999999998,11.6,10.6,9.7,8.5,13.1,12.6,11.8,11.7
1900-01-01 09:11:00,13.1,9,11,Very High,0.7071067811865476,-0.7071067811865475,0.9135454576426008,0.4067366430758004,11.52,12.6,11.6,10.6,9.7,12.6,11.8,11.7,11.9
1900-01-01 09:26:00,12.6,9,26,Very High,0.7071067811865476,-0.7071067811865475,0.4067366430758,-0.913545457642601,12.1,13.1,12.6,11.6,10.6,11.8,11.7,11.9,11.7
1900-01-01 09:41:00,11.8,9,41,Very High,0.7071067811865476,-0.7071067811865475,-0.9135454576426004,-0.4067366430758009,12.34,12.6,13.1,12.6,11.6,11.7,11.9,11.7,11.2
1900-01-01 09:56:00,11.7,9,56,Very High,0.7071067811865476,-0.7071067811865475,-0.4067366430758001,0.913545457642601,12.36,11.8,12.6,13.1,12.6,11.9,11.7,11.2,10.4
1900-01-01 10:11:00,11.9,10,11,Very High,0.4999999999999999,-0.8660254037844387,0.9135454576426008,0.4067366430758004,12.22,11.7,11.8,12.6,13.1,11.7,11.2,10.4,9.6
1900-01-01 10:26:00,11.7,10,26,Very High,0.4999999999999999,-0.8660254037844387,0.4067366430758,-0.913545457642601,11.94,11.9,11.7,11.8,12.6,11.2,10.4,9.6,9.7
1900-01-01 10:41:00,11.2,10,41,Very High,0.4999999999999999,-0.8660254037844387,-0.9135454576426004,-0.4067366430758009,11.66,11.7,11.9,11.7,11.8,10.4,9.6,9.7,10.6
1900-01-01 10:56:00,10.4,10,56,Very High,0.4999999999999999,-0.8660254037844387,-0.4067366430758001,0.913545457642601,11.38,11.2,11.7,11.9,11.7,9.6,9.7,10.6,10.8
1900-01-01 11:11:00,9.6,11,11,High,0.258819045102521,-0.9659258262890682,0.9135454576426008,0.4067366430758004,10.96,10.4,11.2,11.7,11.9,9.7,10.6,10.8,10.1
1900-01-01 11:26:00,9.7,11,26,High,0.258819045102521,-0.9659258262890682,0.4067366430758,-0.913545457642601,10.52,9.6,10.4,11.2,11.7,10.6,10.8,10.1,9.1
1900-01-01 11:41:00,10.6,11,41,Very High,0.258819045102521,-0.9659258262890682,-0.9135454576426004,-0.4067366430758009,10.3,9.7,9.6,10.4,11.2,10.8,10.1,9.1,8.2
1900-01-01 11:56:00,10.8,11,56,Very High,0.258819045102521,-0.9659258262890682,-0.4067366430758001,0.913545457642601,10.22,10.6,9.7,9.6,10.4,10.1,9.1,8.2,7.3
1900-01-01 12:11:00,10.1,12,11,Very High,1.2246467991473532e-16,-1.0,0.9135454576426008,0.4067366430758004,10.16,10.8,10.6,9.7,9.6,9.1,8.2,7.3,6.9
1900-01-01 12:26:00,9.1,12,26,High,1.2246467991473532e-16,-1.0,0.4067366430758,-0.913545457642601,10.06,10.1,10.8,10.6,9.7,8.2,7.3,6.9,7.2
1900-01-01 12:41:00,8.2,12,41,High,1.2246467991473532e-16,-1.0,-0.9135454576426004,-0.4067366430758009,9.76,9.1,10.1,10.8,10.6,7.3,6.9,7.2,7.1
1900-01-01 12:56:00,7.3,12,56,Normal,1.2246467991473532e-16,-1.0,-0.4067366430758001,0.913545457642601,9.1,8.2,9.1,10.1,10.8,6.9,7.2,7.1,6.6
1900-01-01 13:11:00,6.9,13,11,Normal,-0.2588190451025208,-0.9659258262890684,0.9135454576426008,0.4067366430758004,8.319999999999999,7.3,8.2,9.1,10.1,7.2,7.1,6.6,6.2
1900-01-01 13:26:00,7.2,13,26,Normal,-0.2588190451025208,-0.9659258262890684,0.4067366430758,-0.913545457642601,7.74,6.9,7.3,8.2,9.1,7.1,6.6,6.2,5.9
1900-01-01 13:41:00,7.1,13,41,Normal,-0.2588190451025208,-0.9659258262890684,-0.9135454576426004,-0.4067366430758009,7.339999999999999,7.2,6.9,7.3,8.2,6.6,6.2,5.9,5.6
1900-01-01 13:56:00,6.6,13,56,Normal,-0.2588190451025208,-0.9659258262890684,-0.4067366430758001,0.913545457642601,7.0200000000000005,7.1,7.2,6.9,7.3,6.2,5.9,5.6,5.4
1900-01-01 14:11:00,6.2,14,11,Normal,-0.4999999999999997,-0.8660254037844388,0.9135454576426008,0.4067366430758004,6.8,6.6,7.1,7.2,6.9,5.9,5.6,5.4,5.3
1900-01-01 14:26:00,5.9,14,26,Normal,-0.4999999999999997,-0.8660254037844388,0.4067366430758,-0.913545457642601,6.6,6.2,6.6,7.1,7.2,5.6,5.4,5.3,5.1
1900-01-01 14:41:00,5.6,14,41,Normal,-0.4999999999999997,-0.8660254037844388,-0.9135454576426004,-0.4067366430758009,6.279999999999999,5.9,6.2,6.6,7.1,5.4,5.3,5.1,4.8
1900-01-01 14:56:00,5.4,14,56,Normal,-0.4999999999999997,-0.8660254037844388,-0.4067366430758001,0.913545457642601,5.94,5.6,5.9,6.2,6.6,5.3,5.1,4.8,4.9
1900-01-01 15:11:00,5.3,15,11,Normal,-0.7071067811865471,-0.7071067811865479,0.9135454576426008,0.4067366430758004,5.68,5.4,5.6,5.9,6.2,5.1,4.8,4.9,5.4
1900-01-01 15:26:00,5.1,15,26,Normal,-0.7071067811865471,-0.7071067811865479,0.4067366430758,-0.913545457642601,5.46,5.3,5.4,5.6,5.9,4.8,4.9,5.4,5.5
1900-01-01 15:41:00,4.8,15,41,Low,-0.7071067811865471,-0.7071067811865479,-0.9135454576426004,-0.4067366430758009,5.24,5.1,5.3,5.4,5.6,4.9,5.4,5.5,5.3
1900-01-01 15:56:00,4.9,15,56,Low,-0.7071067811865471,-0.7071067811865479,-0.4067366430758001,0.913545457642601,5.1,4.8,5.1,5.3,5.4,5.4,5.5,5.3,5.2
1900-01-01 16:11:00,5.4,16,11,Normal,-0.8660254037844384,-0.5000000000000004,0.9135454576426008,0.4067366430758004,5.1,4.9,4.8,5.1,5.3,5.5,5.3,5.2,5.2
1900-01-01 16:26:00,5.5,16,26,Normal,-0.8660254037844384,-0.5000000000000004,0.4067366430758,-0.913545457642601,5.140000000000001,5.4,4.9,4.8,5.1,5.3,5.2,5.2,5.1
1900-01-01 16:41:00,5.3,16,41,Normal,-0.8660254037844384,-0.5000000000000004,-0.9135454576426004,-0.4067366430758009,5.18,5.5,5.4,4.9,4.8,5.2,5.2,5.1,5.2
1900-01-01 16:56:00,5.2,16,56,Normal,-0.8660254037844384,-0.5000000000000004,-0.4067366430758001,0.913545457642601,5.26,5.3,5.5,5.4,4.9,5.2,5.1,5.2,5.5
1900-01-01 17:11:00,5.2,17,11,Normal,-0.9659258262890684,-0.2588190451025206,0.9135454576426008,0.4067366430758004,5.32,5.2,5.3,5.5,5.4,5.1,5.2,5.5,5.7
1900-01-01 17:26:00,5.1,17,26,Normal,-0.9659258262890684,-0.2588190451025206,0.4067366430758,-0.913545457642601,5.26,5.2,5.2,5.3,5.5,5.2,5.5,5.7,5.9
1900-01-01 17:41:00,5.2,17,41,Normal,-0.9659258262890684,-0.2588190451025206,-0.9135454576426004,-0.4067366430758009,5.2,5.1,5.2,5.2,5.3,5.5,5.7,5.9,6.4
1900-01-01 17:56:00,5.5,17,56,Normal,-0.9659258262890684,-0.2588190451025206,-0.4067366430758001,0.913545457642601,5.24,5.2,5.1,5.2,5.2,5.7,5.9,6.4,7.3
1900-01-01 18:11:00,5.7,18,11,Normal,-1.0,-1.8369701987210294e-16,0.9135454576426008,0.4067366430758004,5.34,5.5,5.2,5.1,5.2,5.9,6.4,7.3,8.3
1900-01-01 18:26:00,5.9,18,26,Normal,-1.0,-1.8369701987210294e-16,0.4067366430758,-0.913545457642601,5.48,5.7,5.5,5.2,5.1,6.4,7.3,8.3,8.7
1900-01-01 18:41:00,6.4,18,41,Normal,-1.0,-1.8369701987210294e-16,-0.9135454576426004,-0.4067366430758009,5.74,5.9,5.7,5.5,5.2,7.3,8.3,8.7,8.8
1900-01-01 18:56:00,7.3,18,56,Normal,-1.0,-1.8369701987210294e-16,-0.4067366430758001,0.913545457642601,6.16,6.4,5.9,5.7,5.5,8.3,8.7,8.8,9.8
1900-01-01 19:11:00,8.3,19,11,High,-0.9659258262890684,0.2588190451025203,0.9135454576426008,0.4067366430758004,6.720000000000001,7.3,6.4,5.9,5.7,8.7,8.8,9.8,10.2
1900-01-01 19:26:00,8.7,19,26,High,-0.9659258262890684,0.2588190451025203,0.4067366430758,-0.913545457642601,7.32,8.3,7.3,6.4,5.9,8.8,9.8,10.2,9.1
1900-01-01 19:41:00,8.8,19,41,High,-0.9659258262890684,0.2588190451025203,-0.9135454576426004,-0.4067366430758009,7.9,8.7,8.3,7.3,6.4,9.8,10.2,9.1,7.8
1900-01-01 19:56:00,9.8,19,56,High,-0.9659258262890684,0.2588190451025203,-0.4067366430758001,0.913545457642601,8.58,8.8,8.7,8.3,7.3,10.2,9.1,7.8,6.7
1900-01-01 20:11:00,10.2,20,11,Very High,-0.8660254037844386,0.5000000000000001,0.9135454576426008,0.4067366430758004,9.16,9.8,8.8,8.7,8.3,9.1,7.8,6.7,5.8
1900-01-01 20:26:00,9.1,20,26,High,-0.8660254037844386,0.5000000000000001,0.4067366430758,-0.913545457642601,9.32,10.2,9.8,8.8,8.7,7.8,6.7,5.8,5.4
1900-01-01 20:41:00,7.8,20,41,Normal,-0.8660254037844386,0.5000000000000001,-0.9135454576426004,-0.4067366430758009,9.14,9.1,10.2,9.8,8.8,6.7,5.8,5.4,5.3
1900-01-01 20:56:00,6.7,20,56,Normal,-0.8660254037844386,0.5000000000000001,-0.4067366430758001,0.913545457642601,8.72,7.8,9.1,10.2,9.8,5.8,5.4,5.3,5.2
1900-01-01 21:11:00,5.8,21,11,Normal,-0.7071067811865477,0.7071067811865474,0.9135454576426008,0.4067366430758004,7.92,6.7,7.8,9.1,10.2,5.4,5.3,5.2,5.2
1900-01-01 21:26:00,5.4,21,26,Normal,-0.7071067811865477,0.7071067811865474,0.4067366430758,-0.913545457642601,6.959999999999999,5.8,6.7,7.8,9.1,5.3,5.2,5.2,5.6
1900-01-01 21:41:00,5.3,21,41,Normal,-0.7071067811865477,0.7071067811865474,-0.9135454576426004,-0.4067366430758009,6.2,5.4,5.8,6.7,7.8,5.2,5.2,5.6,5.9
1900-01-01 21:56:00,5.2,21,56,Normal,-0.7071067811865477,0.7071067811865474,-0.4067366430758001,0.913545457642601,5.680000000000001,5.3,5.4,5.8,6.7,5.2,5.6,5.9,5.7
1900-01-01 22:11:00,5.2,22,11,Normal,-0.5000000000000004,0.8660254037844384,0.9135454576426008,0.4067366430758004,5.380000000000001,5.2,5.3,5.4,5.8,5.6,5.9,5.7,5.8
1900-01-01 22:26:00,5.6,22,26,Normal,-0.5000000000000004,0.8660254037844384,0.4067366430758,-0.913545457642601,5.340000000000001,5.2,5.2,5.3,5.4,5.9,5.7,5.8,6.5
1900-01-01 22:41:00,5.9,22,41,Normal,-0.5000000000000004,0.8660254037844384,-0.9135454576426004,-0.4067366430758009,5.44,5.6,5.2,5.2,5.3,5.7,5.8,6.5,6.6
1900-01-01 22:56:00,5.7,22,56,Normal,-0.5000000000000004,0.8660254037844384,-0.4067366430758001,0.913545457642601,5.52,5.9,5.6,5.2,5.2,5.8,6.5,6.6,6.2
1900-01-01 23:11:00,5.8,23,11,Normal,-0.2588190451025215,0.965925826289068,0.9135454576426008,0.4067366430758004,5.64,5.7,5.9,5.6,5.2,6.5,6.6,6.2,5.9
1900-01-01 23:26:00,6.5,23,26,Normal,-0.2588190451025215,0.965925826289068,0.4067366430758,-0.913545457642601,5.9,5.8,5.7,5.9,5.6,6.6,6.2,5.9,6.1
1900-01-01 23:41:00,6.6,23,41,Normal,-0.2588190451025215,0.965925826289068,-0.9135454576426004,-0.4067366430758009,6.1,6.5,5.8,5.7,5.9,6.2,5.9,6.1,6.4
1900-01-01 23:56:00,6.2,23,56,Normal,-0.2588190451025215,0.965925826289068,-0.4067366430758001,0.913545457642601,6.16,6.6,6.5,5.8,5.7,5.9,6.1,6.4,6.2
1900-01-01 00:11:00,5.9,0,11,Normal,0.0,1.0,0.9135454576426008,0.4067366430758004,6.2,6.2,6.6,6.5,5.8,6.1,6.4,6.2,6.0
1900-01-01 00:26:00,6.1,0,26,Normal,0.0,1.0,0.4067366430758,-0.913545457642601,6.26,5.9,6.2,6.6,6.5,6.4,6.2,6.0,6.1
1900-01-01 00:41:00,6.4,0,41,Normal,0.0,1.0,-0.9135454576426004,-0.4067366430758009,6.24,6.1,5.9,6.2,6.6,6.2,6.0,6.1,6.2
1900-01-01 00:56:00,6.2,0,56,Normal,0.0,1.0,-0.4067366430758001,0.913545457642601,6.160000000000001,6.4,6.1,5.9,6.2,6.0,6.1,6.2,6.3
1900-01-01 01:11:00,6.0,1,11,Normal,0.2588190451025207,0.9659258262890684,0.9135454576426008,0.4067366430758004,6.12,6.2,6.4,6.1,5.9,6.1,6.2,6.3,6.4
1900-01-01 01:26:00,6.1,1,26,Normal,0.2588190451025207,0.9659258262890684,0.4067366430758,-0.913545457642601,6.16,6.0,6.2,6.4,6.1,6.2,6.3,6.4,6.3
1900-01-01 01:41:00,6.2,1,41,Normal,0.2588190451025207,0.9659258262890684,-0.9135454576426004,-0.4067366430758009,6.18,6.1,6.0,6.2,6.4,6.3,6.4,6.3,6.2
1900-01-01 01:56:00,6.3,1,56,Normal,0.2588190451025207,0.9659258262890684,-0.4067366430758001,0.913545457642601,6.16,6.2,6.1,6.0,6.2,6.4,6.3,6.2,6.1
1900-01-01 02:11:00,6.4,2,11,Normal,0.4999999999999999,0.8660254037844387,0.9135454576426008,0.4067366430758004,6.2,6.3,6.2,6.1,6.0,6.3,6.2,6.1,5.9
1900-01-01 02:26:00,6.3,2,26,Normal,0.4999999999999999,0.8660254037844387,0.4067366430758,-0.913545457642601,6.26,6.4,6.3,6.2,6.1,6.2,6.1,5.9,5.9
1900-01-01 02:41:00,6.2,2,41,Normal,0.4999999999999999,0.8660254037844387,-0.9135454576426004,-0.4067366430758009,6.279999999999999,6.3,6.4,6.3,6.2,6.1,5.9,5.9,5.9
1900-01-01 02:56:00,6.1,2,56,Normal,0.4999999999999999,0.8660254037844387,-0.4067366430758001,0.913545457642601,6.26,6.2,6.3,6.4,6.3,5.9,5.9,5.9,5.8
1900-01-01 03:11:00,5.9,3,11,Normal,0.7071067811865475,0.7071067811865476,0.9135454576426008,0.4067366430758004,6.18,6.1,6.2,6.3,6.4,5.9,5.9,5.8,5.6
1900-01-01 03:26:00,5.9,3,26,Normal,0.7071067811865475,0.7071067811865476,0.4067366430758,-0.913545457642601,6.08,5.9,6.1,6.2,6.3,5.9,5.8,5.6,5.2
1900-01-01 03:41:00,5.9,3,41,Normal,0.7071067811865475,0.7071067811865476,-0.9135454576426004,-0.4067366430758009,6.0,5.9,5.9,6.1,6.2,5.8,5.6,5.2,4.8
1900-01-01 03:56:00,5.8,3,56,Normal,0.7071067811865475,0.7071067811865476,-0.4067366430758001,0.913545457642601,5.92,5.9,5.9,5.9,6.1,5.6,5.2,4.8,5.0
1900-01-01 04:11:00,5.6,4,11,Normal,0.8660254037844386,0.5000000000000001,0.9135454576426008,0.4067366430758004,5.82,5.8,5.9,5.9,5.9,5.2,4.8,5.0,5.6
1900-01-01 04:26:00,5.2,4,26,Normal,0.8660254037844386,0.5000000000000001,0.4067366430758,-0.913545457642601,5.680000000000001,5.6,5.8,5.9,5.9,4.8,5.0,5.6,5.7
1900-01-01 04:41:00,4.8,4,41,Low,0.8660254037844386,0.5000000000000001,-0.9135454576426004,-0.4067366430758009,5.46,5.2,5.6,5.8,5.9,5.0,5.6,5.7,5.7
1900-01-01 04:56:00,5.0,4,56,Low,0.8660254037844386,0.5000000000000001,-0.4067366430758001,0.913545457642601,5.279999999999999,4.8,5.2,5.6,5.8,5.6,5.7,5.7,5.9
1900-01-01 05:11:00,5.6,5,11,Normal,0.9659258262890684,0.2588190451025207,0.9135454576426008,0.4067366430758004,5.24,5.0,4.8,5.2,5.6,5.7,5.7,5.9,6.1
1900-01-01 05:26:00,5.7,5,26,Normal,0.9659258262890684,0.2588190451025207,0.4067366430758,-0.913545457642601,5.26,5.6,5.0,4.8,5.2,5.7,5.9,6.1,6.2
1900-01-01 05:41:00,5.7,5,41,Normal,0.9659258262890684,0.2588190451025207,-0.9135454576426004,-0.4067366430758009,5.36,5.7,5.6,5.0,4.8,5.9,6.1,6.2,6.0
1900-01-01 05:56:00,5.9,5,56,Normal,0.9659258262890684,0.2588190451025207,-0.4067366430758001,0.913545457642601,5.58,5.7,5.7,5.6,5.0,6.1,6.2,6.0,5.8
1900-01-01 06:11:00,6.1,6,11,Normal,1.0,6.123233995736766e-17,0.9135454576426008,0.4067366430758004,5.8,5.9,5.7,5.7,5.6,6.2,6.0,5.8,6.0
1900-01-01 06:26:00,6.2,6,26,Normal,1.0,6.123233995736766e-17,0.4067366430758,-0.913545457642601,5.92,6.1,5.9,5.7,5.7,6.0,5.8,6.0,7.0
1900-01-01 06:41:00,6.0,6,41,Normal,1.0,6.123233995736766e-17,-0.9135454576426004,-0.4067366430758009,5.98,6.2,6.1,5.9,5.7,5.8,6.0,7.0,9.2
1900-01-01 06:56:00,5.8,6,56,Normal,1.0,6.123233995736766e-17,-0.4067366430758001,0.913545457642601,6.0,6.0,6.2,6.1,5.9,6.0,7.0,9.2,10.9
1900-01-01 07:11:00,6.0,7,11,Normal,0.9659258262890684,-0.2588190451025206,0.9135454576426008,0.4067366430758004,6.0200000000000005,5.8,6.0,6.2,6.1,7.0,9.2,10.9,11.3
1900-01-01 07:26:00,7.0,7,26,Normal,0.9659258262890684,-0.2588190451025206,0.4067366430758,-0.913545457642601,6.2,6.0,5.8,6.0,6.2,9.2,10.9,11.3,11.2
1900-01-01 07:41:00,9.2,7,41,High,0.9659258262890684,-0.2588190451025206,-0.9135454576426004,-0.4067366430758009,6.8,7.0,6.0,5.8,6.0,10.9,11.3,11.2,11.2
1900-01-01 07:56:00,10.9,7,56,Very High,0.9659258262890684,-0.2588190451025206,-0.4067366430758001,0.913545457642601,7.779999999999999,9.2,7.0,6.0,5.8,11.3,11.2,11.2,11.6
